record_id,race_year,race_round,session,race_key,driver_id,lap_number,pit_in_ms,pit_out_ms,tire_compound_before
601d2303d8f8f32cf8e9bb47bd15f7703fc87dbe,2024,1,FP2,2024_1,PIA,6,1608687,,MEDIUM
237442a6225c167fafdbcf213442adb67cc7662b,2024,1,Q,2024_1,GAS,9,2094476,,SOFT
54cfa059c00afcfd95f7b51d2299e6b5f703e638,2024,1,Q,2024_1,RUS,3,1563705,,SOFT
0d0d841732a8d36776a614b6106ff7e53d7f8aab,2024,1,FP3,2024_1,RUS,3,2305046,,SOFT
6d9d10ebc693a6c58efe9e4db59feaa7c898c61b,2024,1,Q,2024_1,VER,17,4560132,,SOFT
bddfa12e04f8319089ed841cc851f0b70a6a2677,2024,1,R,2024_1,OCO,30,6588158,,HARD
fcd1b4c0c517c5d7fcb19a05739184a9a363479a,2024,1,FP1,2024_1,HUL,5,1411037,,MEDIUM
5dcfe605557a1ec68b5660f6b492ac2b537b85c4,2024,1,FP1,2024_1,HUL,27,4791226,,MEDIUM
6b11fd01016b911364194b689b88b54c7054c5e7,2024,1,FP1,2024_1,RIC,10,2197298,,MEDIUM
38dcda4575819f156efde7ddfbd9922c2531122f,2024,1,FP3,2024_1,ALB,7,2764926,,SOFT
67a62aec11836ea0d17e71e85e92ddcc1dc5cbbe,2024,1,FP3,2024_1,ZHO,13,4054910,,SOFT
c3dd1e149f6cd1c95f4f5690bdd51bebc1377ca3,2024,1,R,2024_1,ALO,15,5082030,,SOFT
de5c92ae7baebf67a71b9db94839430f3a10be25,2024,1,FP2,2024_1,HAM,6,1715478,,SOFT
fea0080f9bf8479eabeae089af3cde9502d792ac,2024,1,FP2,2024_1,SAR,8,2135921,,SOFT
4729c57aaa03ebd5c053fb3617f9a685d845ee4e,2024,1,Q,2024_1,NOR,12,4001061,,SOFT
beb1e0d34f8966a8a1db8af334ed80a92ba6779b,2024,1,R,2024_1,RUS,11,4676394,,SOFT
456df1e78e91a2a5927ad126f3ebf809a8102d79,2024,1,Q,2024_1,RIC,12,3288625,,SOFT
4765aaa0008de418c8c327f3bbc2e5f2aa857f1c,2024,1,FP1,2024_1,BOT,9,2499614,2386521,MEDIUM
62fa94600d9e9dc36334270fdd29246252d340fe,2024,1,FP2,2024_1,GAS,6,1636843,,SOFT
58ccdc7dfca62b9058fdb66ebf2a120eeb7cacbc,2024,1,FP2,2024_1,RIC,26,4765783,,SOFT
df26efec8c644f3b939d201063bf6c9726bc2bdc,2024,1,Q,2024_1,PER,9,2828433,,SOFT
0d8ad0e67b9be51071a8007a3a9f888a2b99845e,2024,1,FP3,2024_1,HUL,6,2513953,,SOFT
c612f49a8436b497aa8d7e54ef3e294365c93dbe,2024,1,R,2024_1,STR,27,6283480,,HARD
b166cebdeee8ce5bca55689af230303c5b3d08eb,2024,1,FP1,2024_1,PIA,6,1647565,,MEDIUM
9204aa2d91ad9060e89055bced0865b11cb7cc4f,2024,1,FP2,2024_1,ZHO,9,2355580,,SOFT
d24914329641d77f2f3d10db551a0074e50dd2fd,2024,1,FP2,2024_1,TSU,14,2929512,,SOFT
31fb5756900821cb37c7e200c3d8d330ff7f67df,2024,1,FP3,2024_1,RUS,6,3230095,,SOFT
702bd91d8595c1acf7833d995d885ac5252da9c6,2024,1,Q,2024_1,VER,9,2825349,,SOFT
9aa515dde04bea035104b03763f794266bb5b349,2024,1,R,2024_1,VER,37,7187796,,HARD
5aa1f659eef81574d95d4dc4b6cb46701b79caa9,2024,1,FP3,2024_1,LEC,6,2372846,,SOFT
83e5e367816a3e0f7a2f0ede582118ce24564137,2024,1,Q,2024_1,HUL,15,3992220,,SOFT
b1f67a00ea9e4b46d5295e7a04f08769c98ee3ab,2024,1,FP1,2024_1,ALO,7,2064445,,MEDIUM
85a12e44019c526d1249b58d6f4b1abc3cb83fbf,2024,1,FP3,2024_1,BOT,13,4066096,,SOFT
8c6e1f135c637fe70da1773125a0c81a2954f460,2024,1,Q,2024_1,ALO,14,4341004,,SOFT
15c43bbdf0c87acd24e8b7be5106e24b7caf05c0,2024,1,FP1,2024_1,LEC,6,1695400,,MEDIUM
84f9ec25747fc616b7ca2449510c83278211edb1,2024,1,FP3,2024_1,RIC,6,3001950,2887257,SOFT
3c3ed400814257c134c2a333fa7f397d2abfc8ad,2024,1,FP3,2024_1,GAS,6,3085556,,SOFT
209690f41644dff3059647fb3a6b0552cf22c701,2024,1,Q,2024_1,ALB,6,1995706,,SOFT
e4c6528428324242ad321311504b4ad344226f6b,2024,1,FP2,2024_1,SAI,25,4816353,,SOFT
6d056e62926d1dd99f8674e3d685b6b4866e7eea,2024,1,FP3,2024_1,STR,7,2661182,,SOFT
7d92439cbe55a4de186b857fd069fac8696f6449,2024,1,FP3,2024_1,STR,17,4760008,,SOFT
538d51ce14f5905bf21c970a0d01b124fcb66036,2024,1,R,2024_1,BOT,30,6590207,,HARD
6ed40766b5749ba398dfc6d75788e7f1eeb6fb5a,2024,1,R,2024_1,SAR,28,6471937,,HARD
3d61294850496b037af55774b8480f1f6f272646,2024,1,Q,2024_1,PER,3,1582548,,SOFT
b10a8a10e0595b608c4c209bbeb8b2bef111d1c3,2024,1,FP3,2024_1,HUL,13,4770691,,SOFT
cc8f1784a8d94a184799ed6ed14678f0a55564de,2024,1,FP3,2024_1,PER,14,4164347,,SOFT
8995afee96d94fda25cf1955c32fd67d39bd1644,2024,1,Q,2024_1,MAG,6,1990863,,SOFT
8c4cb7faf288a8a812729cb1ff8e59c27277b8d0,2024,1,Q,2024_1,RUS,17,4553668,,SOFT
3af2d474ddaa2e44ef6b3e09171d2b956caa05d5,2024,1,FP2,2024_1,NOR,5,1542588,,MEDIUM
8140b53838db945badad36ae4c48c156826faed2,2024,1,FP2,2024_1,ALB,12,2920952,,SOFT
df874131a37723dc5d0607d7791e6cc018bff1ee,2024,1,FP3,2024_1,LEC,11,3596227,,SOFT
9910c79dadf4f90f58358cd5c6615de4f979e3f3,2024,1,FP3,2024_1,LEC,17,4828172,,SOFT
e1f253867ae6deaf1b677def35c65b03ac54f2e5,2024,1,Q,2024_1,HUL,6,1966124,,SOFT
cf6a401154deae70c65d30b667271be1cfa0c938,2024,1,R,2024_1,LEC,11,4679892,,SOFT
0a0df40f8dd0c0196e30193143caaf7d505ce70f,2024,1,R,2024_1,PIA,12,4782605,,SOFT
9d3bb2dd016b8ee79456e667703874aa37edd39d,2024,1,FP2,2024_1,MAG,12,2796596,,SOFT
a387a0abc41b3e5780368bae3b4229e455a759d1,2024,1,FP3,2024_1,BOT,3,2074353,,SOFT
b8d1345b6e18a520d6023be715dc719ea83f262d,2024,1,FP3,2024_1,BOT,16,4767391,,SOFT
bf3e48586b64b3860ce449e74f323bb51ad6f489,2024,1,Q,2024_1,ALO,5,1972991,,SOFT
7c539ef993906b091cb4322eb6da42889582ee45,2024,1,Q,2024_1,SAI,9,2792933,,SOFT
914d06630924be8a49f1fd0d378a240c86abc463,2024,1,Q,2024_1,LEC,10,2802798,,SOFT
aca0651cf98b8ce1aebbc0416e36ea5da26f066f,2024,1,Q,2024_1,ALB,9,2784835,,SOFT
51d2d7bf2f53b6a78cc09c8d14aa0eadd67b464f,2024,1,Q,2024_1,TSU,6,2006367,,SOFT
edf71e2e6e10d7cbce372604017020986778efa9,2024,1,R,2024_1,RUS,31,6639737,,HARD
4c1abe0a826c7153605f48b883a5104ab52fffa2,2024,1,FP1,2024_1,PER,9,2083352,,MEDIUM
e0b4bee0f7273e6338c6ec638d062344aefe5044,2024,1,Q,2024_1,HAM,3,1567505,,SOFT
68268bba2a6a51416e7852373f4df812b292b74c,2024,1,Q,2024_1,HAM,9,2840828,,SOFT
4b88a47b2b113dedb5486d84f4b94c30486c5558,2024,1,Q,2024_1,PER,11,3282589,,SOFT
04b6527b61d8191819aa63610b045e9e69c6b205,2024,1,FP3,2024_1,TSU,6,2957654,,SOFT
8757f1e2b3ace59e5ff3f0bc4cd0673772ca6219,2024,1,FP3,2024_1,TSU,7,3095023,2979896,SOFT
fcce926d4dca320a894ddcd52ec5d317fd86d71b,2024,1,R,2024_1,HUL,41,7667947,,HARD
525c611b1d430f264d87ac9b94dc65a31e0d70ef,2024,1,Q,2024_1,RUS,5,1981938,,SOFT
5757ca31d2efeb5742f59fd1418044619f40d665,2024,1,FP2,2024_1,NOR,25,4795815,,MEDIUM
ba7cd8f9a3698b52c5a1fd05f364840ac28625a7,2024,1,Q,2024_1,OCO,6,1605537,,SOFT
b9de426aca0e3597d42786dcc3eee27f372809d7,2024,1,R,2024_1,LEC,34,6931860,,HARD
355d58e369586657d6e78808c347e500cbc4bd3c,2024,1,FP3,2024_1,OCO,6,3499664,,SOFT
34065ec3e6958c795202433d4c4ad9d2947024f4,2024,1,Q,2024_1,ALO,8,2789908,,SOFT
5dc23e57a58d904fda30b1e779b4157d1714a4b8,2024,1,R,2024_1,PER,36,7110216,,HARD
4c98ad6557b766c3c22e236126dfc863538e1292,2024,1,FP2,2024_1,PER,26,4804476,,SOFT
df96055466c8c0e2a0e1e48d5573dce8174e9143,2024,1,FP1,2024_1,LEC,9,2076764,,MEDIUM
7a94fddd254c9fd225ea8cb7e065b4eed63bcff9,2024,1,FP2,2024_1,RUS,9,2925490,,SOFT
cfd8623586497d7a8f6f600a2660a180c7caf701,2024,1,FP3,2024_1,MAG,13,3210964,,SOFT
a2ed502bb53750df5a389e8b07a994d1b941e24e,2024,1,FP3,2024_1,ZHO,10,3692523,,SOFT
a3c416fcabd94ec2c708b2dad2c174982e1f58bd,2024,1,FP3,2024_1,HAM,14,4001249,,SOFT
7223bde4843efea0aaa1bed083bda8e39fe16a9f,2024,1,FP2,2024_1,PIA,22,4266702,,SOFT
3218000f4ead4927cdd6897216f580d5feae1705,2024,1,FP2,2024_1,ALO,4,1587384,,SOFT
8a0a298a2a914abdfe334b699858fe207f7de1dd,2024,1,Q,2024_1,OCO,3,1155071,,MEDIUM
2392a5c88299d899f38f3a0fe8af53b8ab692f4a,2024,1,FP2,2024_1,ALB,3,1248199,,MEDIUM
b8a357b60bc5a42f517577464de389cac13bb404,2024,1,Q,2024_1,ZHO,6,1957219,,SOFT
8af91b645cd8d59421705721f476cd2d2d0d4982,2024,1,FP1,2024_1,RIC,23,4856611,,SOFT
a5a6b7525ba7b0c3559e4d4c514c0b58407716ea,2024,1,FP2,2024_1,PER,3,1313878,,SOFT
12cf147242a3af912b94f383d04b88d878d787f3,2024,1,FP3,2024_1,ALB,4,2396470,,SOFT
f0d0e857d54e33196d722bece1bea01f232ff005,2024,1,FP3,2024_1,ALB,13,4045092,,SOFT
b4569c0f16be38359c5eb360a1a52c01b2485f6a,2024,1,FP3,2024_1,NOR,6,3113136,,SOFT
2ab63fb90b9e22ff1c9f3dc8bded01e421619f38,2024,1,R,2024_1,GAS,31,6689011,,HARD
d1bc943a85dc72b0ba3151569ef2349f339d0831,2024,1,Q,2024_1,PIA,9,2736111,,SOFT
81c6796ba9bb647685d95449c2896439e558c936,2024,1,Q,2024_1,ALB,3,1447349,,SOFT
08ccf69f5fbf153c271786f14c1b39a0c2f508eb,2024,1,Q,2024_1,HAM,6,2037155,,SOFT
031b69685bc8d030a21d670b74360d39abc3b6e7,2024,1,Q,2024_1,HAM,12,3384763,,SOFT
eeeb522ee1c91637c6fd6eec58eeb03586eae2ee,2024,1,FP3,2024_1,PER,6,2591239,,HARD
048a41cacabe83cb30ebf9cfa27027b6d6350819,2024,1,R,2024_1,HUL,1,3712101,,SOFT
1c2d423dc43b2ed5491dbc4d8313be6f77400fcb,2024,1,Q,2024_1,GAS,3,1157026,,MEDIUM
2bf60587958393b6b5d9b405f5434f448767bb73,2024,1,Q,2024_1,GAS,6,1624334,,SOFT
a5d0e8844916edc8250c29d6a50a49eb9a56ad87,2024,1,Q,2024_1,RUS,11,3383333,,SOFT
3adce9e9e81a7d9d68edd0cb0a03ef228abc2280,2024,1,FP1,2024_1,HAM,19,4384107,,MEDIUM
c2a006e07408ea8bde054a4dd15308e0611a7845,2024,1,FP3,2024_1,RUS,9,4035348,,SOFT
2043bd2d3f4ee2d4f0af924c4dfe3784bb3e9f51,2024,1,Q,2024_1,BOT,6,1984116,,SOFT
a002c72b7cac930d546ae6d6612851dad52669c6,2024,1,FP1,2024_1,MAG,7,1623533,,MEDIUM
141d09643335ae50f71506483ae8db8583ea20c7,2024,1,FP2,2024_1,ALB,26,4754198,,SOFT
2111a487e6dfee843959835006e95fe83c62eb47,2024,1,FP3,2024_1,VER,16,4761575,,SOFT
abba2958ba5fec0516dd98b5cad78e7934b9f8df,2024,1,Q,2024_1,LEC,6,1593322,,SOFT
bda683df7cdc9164131479ea663dd76073bf1aa1,2024,1,FP1,2024_1,LEC,24,4815897,,MEDIUM
c8df7c65d9198610a3e92d92c2499ffce35d1c25,2024,1,FP3,2024_1,MAG,3,2124094,,SOFT
17df5d97ba26a7dd5f8d6467d5385cd65c385cfa,2024,1,FP3,2024_1,ZHO,17,4797805,,SOFT
d7cc4ad2391b94a290bc40996f599bbc90523b57,2024,1,Q,2024_1,PIA,3,1504192,,SOFT
debd18c541bf580086181b743ad69dd77c3299df,2024,1,FP1,2024_1,GAS,8,1900718,1801719,MEDIUM
6ae5d96c11d55413bc595499c1e7b0699aa7a376,2024,1,FP1,2024_1,OCO,7,1780286,,MEDIUM
f16dcc069c05bdec026fc77075091929942f1a3f,2024,1,FP2,2024_1,HAM,3,1360174,,SOFT
a248d64d626cbd76cbff7d336b261672ab0f3b5d,2024,1,FP2,2024_1,SAR,11,2483544,,SOFT
c56a021cd7f835824a802ba49c70b7f6f5c82d46,2024,1,Q,2024_1,RIC,9,2759902,,SOFT
8ba136dec7dcdec9b77bb6cc2c87159d63bbb2f8,2024,1,R,2024_1,BOT,12,4800495,,SOFT
b6e6d70ccdf4f9c765ea1d4288ae06177d005435,2024,1,FP3,2024_1,HAM,11,2758447,,SOFT
26605d6923da3384576c2e21edade15671cc79f2,2024,1,FP3,2024_1,HAM,20,4860336,,SOFT
efc5b1fbae421569d448b2cf87b798360feeb969,2024,1,FP3,2024_1,SAI,18,4799798,,SOFT
53552404ebfcf32a058c1560911f5969feaedccf,2024,1,Q,2024_1,HAM,15,4041617,,SOFT
92d8e31f6cba36970e6d5f2c1a1d7d99c6b7e8b3,2024,1,R,2024_1,NOR,13,4878561,,SOFT
00ed1c4722edd2d2fa7c32f4c4f1a45dddeed724,2024,1,Q,2024_1,MAG,12,3248009,,SOFT
06c14994037343a548bca96963099f5414c1268b,2024,1,FP1,2024_1,SAR,16,4356924,,MEDIUM
ddd45b6c67d9686b4394bccbb8e58ddb2f07057e,2024,1,R,2024_1,ZHO,28,6377855,,HARD
47be3de8b8358550c903600fa8205f67940f74b3,2024,1,Q,2024_1,ALO,11,3321903,,SOFT
7e4c47a20904ffdae6c5970bec5b543cd08a26fe,2024,1,FP2,2024_1,PER,9,2657735,,SOFT
e7b9857b8c092c0a842a9c85881058e5e5434f86,2024,1,Q,2024_1,PIA,12,3265235,,SOFT
acde70fe3f7b43f0833f8130aa99e4a0fb44fc50,2024,1,FP1,2024_1,GAS,7,1762168,,MEDIUM
f5e71e479a2f4e475caf87872600c634c6865bdc,2024,1,FP1,2024_1,SAI,26,4792042,,MEDIUM
655b6934233a18ce744b727ec6df76bcb58e0c64,2024,1,FP1,2024_1,NOR,14,3237091,,SOFT
fc5b0ec9affd94e7c9e1f3879b98331285f056c9,2024,1,FP2,2024_1,LEC,6,1712195,,SOFT
da62b276f5f52ae2d07ca43f7c148bd87fcc3402,2024,1,Q,2024_1,STR,3,1506495,,SOFT
fded7bf2da88d3a1aa6f17a4af67801cd21beeee,2024,1,FP2,2024_1,HUL,6,1570888,,SOFT
d435692f60650eeb5248fdd60993c6e6a162b36a,2024,1,FP2,2024_1,PIA,9,2488948,,SOFT
e8b010e37aaf0563e9f60c57f0d8d41d914256fa,2024,1,R,2024_1,HAM,33,6844064,,HARD
424c1b4cd3e73fbc4518cdfa509a3543c4408b0c,2024,1,Q,2024_1,VER,6,2061124,,SOFT
54733389201eb89eca50979ff8c0c1557905bbc9,2024,1,Q,2024_1,VER,11,3232588,,SOFT
6f270ac1768e16bf8d07581d74a9da1e76094e47,2024,1,FP2,2024_1,VER,25,4830946,,SOFT
491021d2c24daa4a7ad7fd2901e232faa0b57698,2024,1,Q,2024_1,HUL,9,2721470,,SOFT
56cc1dac0c48ee81bfc3d6210c8bd34cdd3e0bdd,2024,1,FP1,2024_1,HUL,10,1971024,,MEDIUM
3fae0702da937e6d5a16d78ad1cb6959e48528ef,2024,1,FP2,2024_1,BOT,5,1435278,,MEDIUM
54b356e478aeec32d6b445ed2b5834ab5dcb455c,2024,1,FP3,2024_1,NOR,9,3899406,,SOFT
769a3281c14c64b192479689cf9050702da1a82f,2024,1,FP3,2024_1,VER,6,2684681,,HARD
dd31aa8dbd149e2d90fcad0013d8b03c161cebe8,2024,1,Q,2024_1,SAR,3,1469656,,SOFT
df0a5bcc66d085af42fcc5612481b02906f9d121,2024,1,R,2024_1,RIC,35,7072253,,HARD
8638858dc210b905c04f8537a07e9845b4c38725,2024,1,FP3,2024_1,RIC,5,2865380,,SOFT
ff2605087702ff7b68857d7ff85381a7001c33e5,2024,1,FP3,2024_1,ZHO,6,2462460,,SOFT
576bf8670fcb18d5e4b7cb6bf31b48182aa16314,2024,1,FP2,2024_1,SAR,5,1525979,,MEDIUM
01929bb4af03b938383e420d21d66bee64d930e3,2024,1,Q,2024_1,NOR,7,2744438,,SOFT
4809a859a4adfc22dea8ed61131c1c26e61f8785,2024,1,R,2024_1,MAG,32,6775425,,HARD
aa4be3b38181ecc3e63c0f969dac0a2ecb41f701,2024,1,FP1,2024_1,BOT,8,2353447,,MEDIUM
902faccf543361558b6c093a9176751326ed4258,2024,1,FP1,2024_1,SAI,5,1570528,,MEDIUM
8e570696835f2ce80f8bbc867469727fe75e716b,2024,1,FP1,2024_1,SAI,11,2313606,,MEDIUM
859c1b70a348d7c33a6830e2e39de45f5c24b4b2,2024,1,FP2,2024_1,RIC,11,2889865,,SOFT
9f9e8f2dfcde6c9eec51a68cdee8547b07152de3,2024,1,FP3,2024_1,HAM,3,1585444,,SOFT
662bf72d2883fc1a87b5693d16e7a9d145a2ae2c,2024,1,R,2024_1,TSU,14,4986054,,SOFT
3df00e8763ec84fda5b5403e1a050991a4427c35,2024,1,FP1,2024_1,ALB,17,4168858,,MEDIUM
eb5391046ff79ac4da744833600ecae72dfae63f,2024,1,FP1,2024_1,TSU,9,2053876,,MEDIUM
373bb9a7bc0d453e449f72779218dbf7e089ff99,2024,1,FP2,2024_1,LEC,3,1337731,,SOFT
cb25c2eea196168f765ced15459fef0135b78da4,2024,1,FP2,2024_1,LEC,26,4813151,,SOFT
b25dcb580508ad06b8f4633dec1b713b958e7362,2024,1,FP2,2024_1,STR,12,2887277,,SOFT
9095cc6661849384388e65ecff15156627fbc806,2024,1,FP1,2024_1,PIA,11,2949893,,SOFT
7f1ec744400793a73a9f80f4762551d222782ceb,2024,1,FP2,2024_1,HUL,23,4792428,,SOFT
28a9be91aef09a2f2b231880941fcc0dedd500cf,2024,1,FP2,2024_1,ZHO,6,1621781,,MEDIUM
7f28c978173d3ee2bdf5b88d6b6903383f73e303,2024,1,FP2,2024_1,ZHO,12,2706514,,SOFT
671a6122924315645b76b94d36dea541c429116a,2024,1,FP3,2024_1,PIA,4,2495274,,SOFT
edd5f3bca7e807bac56e577c9f5f3bc630b2a2f7,2024,1,FP2,2024_1,TSU,8,1858106,,MEDIUM
628452454251c6367c26b1d4e9e4e0dde617ca9b,2024,1,FP2,2024_1,OCO,25,4768686,,SOFT
46c89b40c676e14d0993e9e7ff186bc3a65499c2,2024,1,FP3,2024_1,LEC,3,2001485,,SOFT
1d5a08f4e680d3c0888fae717d2eada9851ceddc,2024,1,FP3,2024_1,OCO,3,2677535,,SOFT
c67165a157de4e0d225065389320296936f525bf,2024,1,FP1,2024_1,HUL,24,4087442,,MEDIUM
f10422633396553700527f162ab9dc8d37f67375,2024,1,FP2,2024_1,PER,6,1691580,,SOFT
aba4c82740614606312c19b8fb9dea7094af847b,2024,1,Q,2024_1,LEC,16,4076760,,SOFT
f35f44e387f18f746548b4c8d814e0d1c448cbd7,2024,1,FP3,2024_1,GAS,14,4818024,,SOFT
0594c12bb0c012165b607899bc58c7d0dd4de610,2024,1,R,2024_1,SAR,40,7659995,,HARD
163325f53cebbbe367df4c8e4fb2e2339bdf393c,2024,1,FP3,2024_1,ALO,9,3114547,3012226,SOFT
6dd0e0760b98da6af64edd87cbccc3a1ac7292dd,2024,1,FP3,2024_1,SAI,3,1958276,,SOFT
4211b9d35c0fa0200a9f77e5ee6f3c1df334f6eb,2024,1,FP1,2024_1,TSU,15,3519238,,SOFT
de8c90e4f55722f1c9a2fbf6372bba2177044551,2024,1,FP2,2024_1,LEC,12,2888132,,SOFT
50df3ff2bce140f508edc6ec1d111fc98225083a,2024,1,Q,2024_1,MAG,9,2724369,,SOFT
960657ccd89d2d5dfbcf27f36405d73547b6c200,2024,1,R,2024_1,HUL,20,5606755,,HARD
b41d0eb45b89fd626f7b4d8bd84d30bea4895af0,2024,1,FP1,2024_1,PIA,25,4863754,,MEDIUM
74cec5520a0def633b15dbcbf2165be6825a7733,2024,1,FP2,2024_1,PIA,27,4828236,,MEDIUM
ed39a9afb85f03ee8688b4795c6f724e452ad32c,2024,1,FP1,2024_1,SAR,19,4757650,,MEDIUM
bdf7d16507dddf622fd1318356cf81b00d674b00,2024,1,FP2,2024_1,ALO,22,4847454,,SOFT
241f9268401d65d8948452c4cce6540651cdfbfe,2024,1,FP2,2024_1,OCO,6,1651103,,SOFT
5de2554958c68a47b27496ed9391c560b3aa6599,2024,1,FP2,2024_1,VER,9,2803113,,SOFT
4e23d8cd880a4ccab4025375c7d703e544da5c80,2024,1,FP1,2024_1,RUS,15,3434583,,MEDIUM
9d22cbd58826feafa5f41d6d68c59339bf517107,2024,1,FP3,2024_1,BOT,6,2431885,,SOFT
135ebf2d6d30066f6c738661ba954da9c4f45362,2024,1,FP3,2024_1,BOT,10,3698551,,SOFT
728b754fcedb514e577d8231676b21481d9efac7,2024,1,Q,2024_1,SAI,3,1134679,,MEDIUM
604f8377170058c1a8c7bda73b9d8d952b13b1cd,2024,1,FP1,2024_1,RIC,14,3344509,3223241,SOFT
36f132699135633493d54fd80d190afc01d07f35,2024,1,FP3,2024_1,VER,13,4205267,,SOFT
d8605725e6adb54b9a86f9dd654987939e99b19d,2024,1,Q,2024_1,LEC,19,4576156,,SOFT
38c35e0bd17052fe2bde912f1cb484901aab7136,2024,1,FP2,2024_1,RUS,23,4837922,,SOFT
acfe11766f9e3554500c5c6d56add704f4e47dc3,2024,1,FP3,2024_1,MAG,6,2497021,,SOFT
d58b809851e8bed5b85fc6f64a343a39112531ba,2024,1,FP1,2024_1,GAS,15,3378310,,MEDIUM
3b2f1475ed29cbe301d6feab19ca2557c2640317,2024,1,FP2,2024_1,HAM,9,2620314,,SOFT
82e350a70ea1d7ebd945570bb3d0277eed8fad2c,2024,1,Q,2024_1,TSU,9,2765306,,SOFT
2d351b6eb1d6fed562cc1b21352ce3782d58492a,2024,1,FP1,2024_1,PER,3,1325833,,MEDIUM
25545b654c5473595ac8866380f4bcf06bc79c27,2024,1,FP1,2024_1,VER,21,4830608,,MEDIUM
a404830a44169dca4e403d62d8a2653a401430cd,2024,1,FP2,2024_1,SAI,9,2491319,,SOFT
5f25c00915078e8ebd6360621e08ed5b53293718,2024,1,FP3,2024_1,STR,8,2780852,2684690,SOFT
3a545c8c7253ee035887b43e2a27a3f1361fa7b6,2024,1,Q,2024_1,RIC,3,1450933,,SOFT
c4634c6d7a01af6edf87ca6cd6f6aa625e7a0799,2024,1,FP2,2024_1,GAS,12,3127977,,SOFT
35abc0310320fd442312549cb8d90f3b90aa1e50,2024,1,Q,2024_1,PER,6,2083003,,SOFT
9f666ce2656db6115c57037b3286fd1dd469aa2e,2024,1,R,2024_1,ALB,15,5087139,,SOFT
815676fb8930fc8f70d6ae9a11b0cd6b4dcf1a8a,2024,1,FP1,2024_1,ALB,9,2480373,,MEDIUM
fecc6fd7c673f9cdc67038e2f9576a262fb7fc6f,2024,1,FP2,2024_1,STR,8,2031516,,SOFT
947dd665ec80c85e3bf1af6d4f2770c1da99a604,2024,1,Q,2024_1,STR,12,3290561,,SOFT
869c228ee97734ae572b5d9d774bba72102bd584,2024,1,FP3,2024_1,PIA,7,3279682,,SOFT
99404ba66b102c6eb4528cf15016e3ceba104a86,2024,1,FP1,2024_1,HAM,22,4759109,,MEDIUM
7ec254f4fd4d2c59799684e86d4da0693db06493,2024,1,FP2,2024_1,TSU,29,4821789,,SOFT
98ad54cd1db3e878f9abd53aa2eea66ee90ad85d,2024,1,Q,2024_1,BOT,3,1494158,,SOFT
f0a4d0cc94d035932b984d98283c0af0f17283a4,2024,1,Q,2024_1,VER,3,1558003,,SOFT
2ef68b2989be647f3786bac696d9692a13f3d34f,2024,1,R,2024_1,OCO,10,4598837,,SOFT
71e453711118680f356e1f3f3b1d589413b4d632,2024,1,FP2,2024_1,ALB,23,4379843,,SOFT
d16b1a4b3abab3cfa7c9d21ebc8d9ed085683d29,2024,1,FP3,2024_1,SAR,6,2852440,,SOFT
af7929ec2b75f277040ea770e5df956bc9100440,2024,1,FP3,2024_1,SAR,10,3745246,,SOFT
283305941adbfbab2b0f380fdff3e8611640e657,2024,1,FP3,2024_1,SAR,16,4838067,,SOFT
39781f9f1d0102343edee73fd10ff9bbcadab046,2024,1,FP1,2024_1,ALO,20,4801236,,MEDIUM
2bc0019fe29644fcf2ee0ebbd081598565248646,2024,1,FP3,2024_1,BOT,7,2571656,2456496,SOFT
84cf121b7161b73e1c6822feff74b25d5cf7e5d3,2024,1,FP2,2024_1,BOT,11,2601717,,SOFT
4f73c132047a98f1767395ed993c0baf120dc696,2024,1,Q,2024_1,LEC,13,3333277,,SOFT
6600ab2465ecf9a8cf00f83bbe5dab6ee01a9d82,2024,1,R,2024_1,GAS,12,4796823,,SOFT
0b91ed77beb8afff381d11bd8d650e2953bc2591,2024,1,FP1,2024_1,ZHO,7,2363069,,MEDIUM
8f01053288c2559cb1f2d93bf5a3c716ae4fa267,2024,1,FP1,2024_1,ZHO,13,4132805,,SOFT
b10fe328e0d62f528a0bfa44332cc7a8daea63db,2024,1,FP2,2024_1,RUS,5,1804461,,SOFT
14123840720b5408a04693261ec8572a4d3d211f,2024,1,FP1,2024_1,OCO,21,4773318,,MEDIUM
df0fd80dcd43b79fba6ce6be845ae96d76b41665,2024,1,FP1,2024_1,STR,7,1985705,,MEDIUM
4c27a829e6a6f52c056fd7cbc166e1f73e0acd35,2024,1,Q,2024_1,NOR,3,1519957,,SOFT
e5eb3627917ad8b59008209355972cfeb1eca243,2024,1,FP1,2024_1,PER,15,3438861,,MEDIUM
fc17a5504e458b34a733ca4230d1b3de84f6005e,2024,1,FP1,2024_1,PER,24,4858922,,MEDIUM
e2c0902aefe162946691396503dab3a1d8003bda,2024,1,FP1,2024_1,VER,6,2005250,,MEDIUM
5b82429acde5c9a6a4d0c5231f0ddf263963b96f,2024,1,FP3,2024_1,STR,14,4201368,,SOFT
bb3231d7f963aa6c482e9894a891059a6bed2bdc,2024,1,Q,2024_1,RIC,6,2012998,,SOFT
fbc896fb8d8dea9f33f921f858534c7cfe27f056,2024,1,FP1,2024_1,SAI,17,3560137,,MEDIUM
4ac1da394cf572cf7224cd4e2616f2318634f19a,2024,1,FP1,2024_1,TSU,24,4754075,,SOFT
a9f2667ec43d300b69f4c251389c55f68ec368de,2024,1,FP2,2024_1,HUL,9,2446534,,SOFT
d25d23f7a4c02e5b6cb77702dad2f8c4b9fb85a7,2024,1,Q,2024_1,RUS,8,2834818,,SOFT
285418624c66d6941165c788a0a29737f02eaeb7,2024,1,Q,2024_1,RUS,14,4036211,,SOFT
f78bcb0ccc689fad2da14e7580e55120933dca73,2024,1,FP2,2024_1,ALO,7,2280628,,SOFT
d305889fc70ec8640ef30f52907776bc9f0677c9,2024,1,FP2,2024_1,NOR,8,2496374,,SOFT
897b4f894a7d1f2af98c5bdfb9856c1855c5c644,2024,1,FP2,2024_1,NOR,21,4300110,,SOFT
b31812ad599cf86347955da72e0d8ecdb97dfdf6,2024,1,FP2,2024_1,MAG,6,1645277,,SOFT
8afe21a2c4254de7bc4f4160a07cf786f1e58aaf,2024,1,FP3,2024_1,NOR,3,2224129,,SOFT
fb210aa070e578f284efc5659dac534a4827e192,2024,1,FP1,2024_1,LEC,15,3561399,,MEDIUM
123a1d31e98d8dc121421808fb4801f9ec3fa933,2024,1,FP2,2024_1,SAR,15,3154421,,SOFT
fdc0b85a8efd4933b7c68f10d0684a91066c30ec,2024,1,FP2,2024_1,SAI,11,2747920,,SOFT
4ca86f91f2e1589809c4d01ef0f8e3d53350f562,2024,1,R,2024_1,NOR,33,6837589,,HARD
5a0f0dd93138681c4c533aef8bd3a5d79e4ac917,2024,1,Q,2024_1,STR,6,2026834,,SOFT
08def580abae71f6551e1ba1bd9660cc3dff171e,2024,1,Q,2024_1,VER,14,4034256,,SOFT
48de1740f931ac9405b9ae3e41dcc0482772c2dd,2024,1,FP3,2024_1,SAR,7,2986151,2878982,SOFT
270c127a1857a126757326321c2558d16c2e763f,2024,1,Q,2024_1,ZHO,3,1480642,,SOFT
b8c71f93807eddd5056e73002315c07dff59b76d,2024,1,Q,2024_1,SAI,15,4071412,,SOFT
2682cc60c43eee87e86410f1ba529f90ac5e109f,2024,1,FP2,2024_1,BOT,8,2237774,,SOFT
236611f1c1e47fdf81237ed10994a4ef87cc3d10,2024,1,FP2,2024_1,BOT,25,4773924,,SOFT
8986f926683a1c6ec46155e9a7ba71e45c9e3e60,2024,1,R,2024_1,GAS,43,7873617,,HARD
7d36335bf1ecd6ef74a5b4d790bed4a4c161fd2b,2024,1,FP3,2024_1,RIC,13,4758366,,SOFT
5fa1e3fec045be1ee9f58d5a914f86f8a7a30b97,2024,1,FP1,2024_1,GAS,24,4833015,,MEDIUM
c9590ea4a9a35c89ca70923a6eb700e02dd1144c,2024,1,FP1,2024_1,STR,20,4765515,,MEDIUM
6abe648d38687a32fa449f3d168fdcc32ac0ceed,2024,1,Q,2024_1,ALB,12,3277737,,SOFT
b1cf0ae1f9f04688ff493147803a59cc68bf7b0c,2024,1,Q,2024_1,TSU,3,1475794,,SOFT
b24837b308a8e31eb3eee0407c811612ee6e20d8,2024,1,FP1,2024_1,PER,12,3049215,,MEDIUM
d81d692df924fbd2b0b1bff5492baf7b1eb09bb4,2024,1,FP2,2024_1,RIC,5,1549211,,MEDIUM
e859ebcf898e40372a94872a41b28645d65f71f1,2024,1,Q,2024_1,MAG,3,1481694,,SOFT
5984ce26c0fcb35a17e740900bafc76848584a9e,2024,1,Q,2024_1,STR,9,2749968,,SOFT
18893f8b86dc3f484084d9e2d07e83f055d53bb0,2024,1,FP2,2024_1,ZHO,28,4853975,,SOFT
9eeda0988b8d7526e5af0ca712cc888cd8ed783a,2024,1,FP1,2024_1,HAM,4,1450573,,MEDIUM
d77969ab6a45a2b4e99a762432ecca4f9b4190d7,2024,1,FP1,2024_1,HAM,7,1828738,,MEDIUM
623e9ce9e2d3cd97023e83af0dc654b4ac81429f,2024,1,FP1,2024_1,HAM,10,3099681,,MEDIUM
dd5a287fd3acc173673d4653ed6feddfb7afdc55,2024,1,FP2,2024_1,ALB,9,2455800,,SOFT
0b27f5aac52189c091b79f12059e24fdf546d8b2,2024,1,FP2,2024_1,OCO,12,3026019,,SOFT
ceb0243cbd54ec3a0745f291124ffcf472648aea,2024,1,R,2024_1,PIA,34,6938558,,HARD
310a49d1bd414aecd884dce8b459be604541b9be,2024,1,R,2024_1,ZHO,9,4497559,,SOFT
0a37c64614e7bb014aa30f68fc1ca9e245b965af,2024,1,Q,2024_1,ALO,3,1546161,,SOFT
fc8f96d9b7ebde0a77eefc3d50d9e67fc69c1f7f,2024,1,Q,2024_1,SAI,12,3294854,,SOFT
603141b0282d744cbb541c2a9e004d5d9467cf09,2024,1,Q,2024_1,LEC,3,1138523,,MEDIUM
b6f6e6f506a72d2865e378221947dc3e29962e95,2024,1,FP3,2024_1,ZHO,3,2069683,,SOFT
b271d7f8775b492e8e97cd9cb0db3ad4b121f69e,2024,1,Q,2024_1,PIA,6,1964522,,SOFT
10e69d94005853770c1e19bd4c86771065700e63,2024,1,R,2024_1,SAI,14,4970807,,SOFT
2f95f9a661d516362c4ba4c3583ccf532639f20a,2024,1,FP1,2024_1,OCO,14,3677286,,MEDIUM
010875160106cb811740eeceedd082a3f19916ce,2024,1,FP2,2024_1,SAI,3,1317884,,SOFT
04031e15144abe2efec6920dd83b3c1f4673b52e,2024,1,FP2,2024_1,SAI,6,1704486,,SOFT
b2c09ce7c84fa4a6e3bbf8c1e19aebf0d3102d7f,2024,1,FP1,2024_1,SAI,9,2075211,,MEDIUM
0d12238aa6437c37ac7b028572e54fe8db95217e,2024,1,FP3,2024_1,ALO,8,2976821,,SOFT
68aaf66349200ec132b58fec756e7b1af88a3a92,2024,1,FP3,2024_1,HAM,17,4357705,,SOFT
3490e7ef6902b3c7eedece62cd03fc273039a33e,2024,1,FP3,2024_1,SAI,11,3469199,,SOFT
6d03322e3e0130004bfcd11d353acafe655ebf10,2024,1,R,2024_1,TSU,34,6965032,,HARD
ebaf87d6294d350e0040790863350d8cd204e9b4,2024,1,FP3,2024_1,PER,17,4799149,,SOFT
69c68218db3d0d1304a12f8a21b3b3a4ed3e82a8,2024,1,FP3,2024_1,TSU,14,4794248,,SOFT
498db6474d2439276f66f6d62cc7db93c67cddb2,2024,1,R,2024_1,STR,9,4500719,,SOFT
cc234becd3e99ad45170a6697929fdb6bfe7a4b9,2024,1,FP3,2024_1,PIA,10,3912732,,SOFT
890e081d3831a38876df3370ba799605d9527c04,2024,1,FP3,2024_1,PIA,13,4821166,,SOFT
4342b6280f6d090565d34ba7af5070002f652747,2024,1,R,2024_1,HAM,12,4784838,,SOFT
5ea825761f8567bf85da59c85fd883e86bbc3c1c,2024,1,FP1,2024_1,SAR,8,2297635,,MEDIUM
f05e7eb89a7d54e6fb99318cc9fd4a5f39065c0b,2024,1,FP2,2024_1,ALO,10,3150571,,SOFT
686ca7624d5ed20ecc040e4fb06dbdcc821faa73,2024,1,Q,2024_1,OCO,9,2087765,,SOFT
13fa95fac9d29d5a3439bd7e5332e5539be4ccb9,2024,1,FP2,2024_1,VER,6,2079256,,SOFT
060dd66fdb441ff06d4e0d4def9aa25bfe1f4f48,2024,1,FP3,2024_1,SAR,3,2507888,,SOFT
596fd4c92959f45641fba026da1ef5204e088e43,2024,1,FP1,2024_1,ALO,11,3323766,,MEDIUM
0d3729e89176a4c507a5c7b6002f775962917202,2024,1,FP1,2024_1,RUS,9,2202706,,MEDIUM
a7ffc437bfb61a3a851fec3a1fedbe582f2d5570,2024,1,Q,2024_1,SAI,6,1613466,,SOFT
aaa330ce8aa9532d8d739758b63ffeeed1a5d006,2024,1,R,2024_1,PER,12,4774991,,SOFT
0013f7d40038c4d7b67e30721946cf36443946e8,2024,1,FP1,2024_1,RIC,13,3200335,,SOFT
02b113aefe55373febf53230e61f35c655e4f78b,2024,1,FP3,2024_1,NOR,12,4795964,,SOFT
9f55df11b9bcf56460217bdcfbe481be8a13bfae,2024,1,R,2024_1,RIC,13,4895789,,SOFT
61a26abda08e7ceca897d218996f8f0235ca7e75,2024,1,FP1,2024_1,ZHO,16,4846274,,SOFT
a881575371d6bac2be12d69be941e0cbce2fd651,2024,1,FP3,2024_1,RIC,3,2601864,,SOFT
6087de4e6b3bc6fa893db8af3cdc1242afeb4b69,2024,1,R,2024_1,ALO,41,7636321,,HARD
d8dbc2904c20ba84e36f520b363045357f271f8a,2024,1,R,2024_1,SAI,35,7016614,,HARD
dab22e8e3ccd1f42ea1753ee191fc29d1fa4068f,2024,1,FP1,2024_1,STR,11,3129751,,MEDIUM
21229babb31029540d00936c9c890ca63c5c316e,2024,1,FP1,2024_1,VER,12,3436506,,MEDIUM
52f67cd1a5ce85a063c952fbda78da61e10304de,2024,1,FP1,2024_1,BOT,15,3600219,,SOFT
4e44074853a8637f9b92817c75f0894ac1d73c16,2024,1,FP2,2024_1,GAS,25,4844979,,SOFT
257cec4947fa1ab010720ae33cc6f96b7f9da9af,2024,1,FP3,2024_1,SAI,6,2342542,,SOFT
8fa1b84776784c8aa62465ce9e9330814d6a7c2a,2024,1,Q,2024_1,PER,14,4047775,,SOFT
98c93ce17eff57cbb3646217ab8159482ee451e1,2024,1,FP1,2024_1,NOR,9,2619537,,MEDIUM
21319cb15901ede3605cf834103f88ee6894f88a,2024,1,FP3,2024_1,RUS,12,4893137,,SOFT
c038b13678d660460547c8d984a641772ecdcb3c,2024,1,R,2024_1,VER,17,5250291,,SOFT
af3d1896c76fee11f77096bbbf28d359fdc0b09a,2024,1,FP1,2024_1,MAG,25,4826307,,MEDIUM
1a1dc22cfd25c75f64b224cf0d284d927e6ad18e,2024,1,FP3,2024_1,SAR,13,4092758,,SOFT
d547248fa2553f7aeb536d4c0eb1c861f44ab93a,2024,1,Q,2024_1,HUL,3,1459982,,SOFT
75fac0d41fb7ba45266ee5c8fdc830bffd4d70ef,2024,1,Q,2024_1,HUL,12,3242306,,SOFT
94f9adf0c6166f0ddd4173a86867c5fe34fb021f,2024,1,Q,2024_1,SAR,6,1998541,,SOFT
c9af5f7fa7b3573168885180357886a36280f9de,2024,1,FP3,2024_1,MAG,20,4790358,,SOFT
f2760cee551da23acff350818ed9c2e7f8301513,2024,1,FP3,2024_1,ZHO,7,2598096,2483377,SOFT
c5af4db54f39a06c1b05ece1db36be667701f16a,2024,1,Q,2024_1,PIA,15,4011446,,SOFT
dd714706e5deac1e73c37618bac60526bc36526e,2024,1,Q,2024_1,NOR,9,3283342,,SOFT
8a6c51776397b895e09aa934acc9c74634f5578d,2024,1,Q,2024_1,TSU,12,3306829,,SOFT
0cadd50f00fa540390f208a72a37b0970180ca2b,2024,1,R,2024_1,MAG,11,4693697,,SOFT
578045243a0fb95693e54b5f020d3ce45041b737,2024,1,FP3,2024_1,ALO,15,4224784,,SOFT
9fe709e0681e73b2c9e09dd4b8404d98f5ba8e06,2024,1,R,2024_1,ALB,36,7167973,,HARD
122bbfe69657af609b2d93d644262e08aa282d27,2024,1,FP1,2024_1,NOR,7,1781008,,MEDIUM
6b828f5c70568c1efdbc913c0cf02afe8d49e91e,2024,1,FP1,2024_1,NOR,25,4823420,,SOFT
e84aaa47a1d496b93306a813067721ec3fb4f8a2,2024,1,FP3,2024_1,PER,3,2194869,,HARD
