record_id,race_year,race_round,session,race_key,snapshot_index,time_offset_ms,air_temp_c,track_temp_c,humidity_pct,pressure_mbar,wind_speed_ms,is_raining
8562e61f0d0c3758de82582d722d96d0d5550efa,2024,1,FP2,2024_1,0,44627,17.1,23.4,46.0,1017.0,2.5,false
ae90bd9cd9536c1ab473f5e5644ab0d5e057e0c0,2024,1,FP2,2024_1,4,284697,17.1,23.2,45.0,1017.0,2.6,false
3a7961754c73c70f019b51964719daefa70b0c23,2024,1,FP2,2024_1,43,2624758,17.3,22.0,38.0,1017.3,2.5,false
7f00f1a069bc4c7190b57423a8e4a52f587f4c39,2024,1,FP2,2024_1,47,2864799,17.3,22.0,36.0,1017.2,1.6,false
ae9bb263f764b1027813b6c04ada9c4fd5e864d6,2024,1,FP2,2024_1,63,3824900,17.4,21.5,37.0,1017.2,2.2,false
5cab72b7669335ddd320f3949046b8e153db6139,2024,1,FP3,2024_1,36,2209923,20.3,32.3,36.0,1017.6,3.5,false
bf13ee9e1011d36988c1b0aeb3fa04442faa1639,2024,1,FP3,2024_1,78,4730172,20.0,29.5,37.0,1017.9,2.3,false
0eebc1c93956acf27000f3d971276ac98826ba8e,2024,1,Q,2024_1,50,3015817,18.1,21.2,46.0,1019.2,2.3,false
c378184e139917caec6647f5f57c3eee804bf4a8,2024,1,Q,2024_1,58,3495817,18.0,21.3,47.0,1019.2,1.3,false
b115894647c2b761b58df6789e79c9f8f5bb2ae9,2024,1,Q,2024_1,67,4035903,17.9,21.1,47.0,1019.3,1.5,false
5be8d520d62cd5225e7f5e6e4b691ecfffb74008,2024,1,R,2024_1,5,314093,18.9,26.2,46.0,1017.0,1.0,false
7681182e19c0af2263be456b54026369a48603b2,2024,1,R,2024_1,11,674093,18.8,25.7,47.0,1017.0,1.1,false
31971abef8779719cb2e06ace492231f16a176a0,2024,1,R,2024_1,55,3314130,18.4,23.7,49.0,1017.0,2.1,false
71d41ac64a4751becf45422954ecde64b4ae37eb,2024,1,R,2024_1,62,3734121,18.3,23.8,49.0,1017.0,1.1,false
9bafd46ef63764df321a42558a0e80dfec69402d,2024,1,R,2024_1,83,4994142,18.1,23.5,50.0,1017.1,0.4,false
5b05fe0e1972d320b7a37a6c3c1ca73c9e364bff,2024,1,R,2024_1,84,5054131,18.1,23.3,50.0,1017.2,0.0,false
ba9b4a7863e787dcec867d077995c355711a9a4c,2024,1,R,2024_1,117,7034264,18.0,22.6,49.0,1017.4,0.7,false
a44d2dd9b1a4425b538a91ba6acc7cedff7f89e0,2024,1,R,2024_1,136,8174296,17.8,21.9,51.0,1017.5,0.7,false
2d8d2449c832e6350e36d8cb477fff557c6c0378,2024,1,R,2024_1,141,8474295,17.7,21.9,51.0,1017.4,0.0,false
72bc97ed68de574421d34a34086ebba201502f4b,2024,1,R,2024_1,144,8654299,17.6,21.9,51.0,1017.5,0.4,false
5ba35f5ef1c6b0172f6c64a80ac35c387655c107,2024,1,R,2024_1,148,8894305,17.6,21.9,51.0,1017.5,0.3,false
61a1faa4b815bf49a414649d9d7ffadb4e1b2173,2024,1,FP1,2024_1,62,3765133,19.0,33.3,38.0,1016.1,3.1,false
ff888d7bb97a219eb088d2044d8d3ebaad0647dc,2024,1,FP1,2024_1,68,4125130,19.1,32.8,39.0,1016.2,4.1,false
28dc40478b2a87ff4d356676b2a4d52539fbec04,2024,1,FP1,2024_1,70,4245142,19.1,32.8,40.0,1016.1,3.1,false
27c5d9ea48c50df9b99b608761835b174007d107,2024,1,FP1,2024_1,78,4725204,19.2,32.5,39.0,1016.1,4.2,false
e1444eed7973f52494f6ead475cc2b0f196cdc35,2024,1,FP2,2024_1,6,404713,17.1,23.1,45.0,1017.1,3.2,false
9efb844930f1b2fb7c729a77c82e98c1b5b3a0df,2024,1,FP2,2024_1,28,1724753,17.2,22.4,42.0,1017.2,2.4,false
7e2cfe3291ecc73cab5ca5c509f4d11d8960ad5d,2024,1,FP2,2024_1,31,1904760,17.3,22.5,41.0,1017.3,1.5,false
b7f3c998b42567bc475f1acc0c1455c3f6bd88d9,2024,1,FP2,2024_1,33,2024750,17.2,22.3,41.0,1017.2,1.5,false
cb8c031dde147ecbfac5e90085942be75eb320cf,2024,1,FP2,2024_1,36,2204761,17.3,22.2,39.0,1017.1,2.6,false
8350af037ef57f4c86fd0f0909edda1987c71ee3,2024,1,FP2,2024_1,39,2384764,17.2,22.1,38.0,1017.2,2.6,false
48f5e3bb199f53f2509a3329d66d44724d6b4265,2024,1,FP2,2024_1,40,2444753,17.2,22.0,38.0,1017.3,2.6,false
dc2342fd0d8986b7b7a3d8e0be6d8f2af6f03982,2024,1,FP2,2024_1,51,3104788,17.3,21.9,37.0,1017.3,2.2,false
51796f34b409a9959ddb1189595f3345c79f1ced,2024,1,FP2,2024_1,70,4244909,17.3,21.3,34.0,1017.4,2.7,false
4a2ecca2174bcdcc48a2f57e0c1497dd39ca6448,2024,1,FP3,2024_1,37,2269932,20.3,32.2,36.0,1017.7,2.6,false
d60fb158d86ed85085f950907e7e1f3ba9448dc2,2024,1,FP3,2024_1,51,3110046,20.2,31.2,38.0,1017.7,2.4,false
11923b65517d097751fca35a8e0dbdaac379b3c1,2024,1,FP3,2024_1,67,4070097,20.0,30.0,38.0,1017.8,3.0,false
0936adabed6cb07e08de00e17a258c0970165904,2024,1,Q,2024_1,64,3855934,17.9,21.1,47.0,1019.2,1.2,false
313bdfb0c58a4a7835e4cf719e5457685389a826,2024,1,R,2024_1,6,374087,18.9,26.1,46.0,1017.0,1.5,false
63a34ac01ab5bed089d142f312ae30b86d716f85,2024,1,R,2024_1,41,2474117,18.5,24.5,47.0,1017.1,0.8,false
e9d98b4298fa2a382e37eac2a1966d9e162f5090,2024,1,R,2024_1,45,2714117,18.4,24.3,49.0,1017.0,1.6,false
ab5db015b2d134ed1fe4ba963e6ed0178fe55d8a,2024,1,R,2024_1,123,7394291,17.9,22.4,50.0,1017.5,0.6,false
cf494f003e3d608ac842ab312e78a3f0eaa35b90,2024,1,R,2024_1,128,7694284,17.9,22.4,50.0,1017.4,0.0,false
835691aec9383016b780fbcd3a36295c48590cb4,2024,1,FP1,2024_1,11,704943,19.5,35.9,39.0,1016.1,3.2,false
4c33bb66ed85eeb1e79d60cdb506861181a7dce4,2024,1,FP1,2024_1,16,1004983,19.5,35.6,37.0,1016.2,3.0,false
740c1abb0f9c2e5a9611e22c94c22c6aceac70de,2024,1,FP1,2024_1,17,1064978,19.5,35.6,38.0,1016.1,3.7,false
d6f42da8e2be1b1899221823183671fd901e876b,2024,1,FP1,2024_1,36,2205021,19.5,34.7,39.0,1016.2,3.3,false
4c11a80d70c7e8d73502093de035ae8cbd479166,2024,1,FP1,2024_1,48,2925065,19.2,33.4,40.0,1016.0,4.7,false
96e9ec0d935a9389a9f2d09539449217d7df810e,2024,1,FP1,2024_1,65,3945130,19.1,32.9,39.0,1016.1,3.7,false
1ccd04a64a470e62eef2566e4a64ce7adace2fc3,2024,1,FP2,2024_1,3,224680,17.2,23.2,46.0,1017.0,3.3,false
4829c1a9e74920f490ac317fb18939c37345c109,2024,1,FP2,2024_1,10,644708,17.1,23.0,43.0,1017.0,3.0,false
ed77adc1ef076e7b64af4db117bc480759fe2144,2024,1,FP2,2024_1,23,1424739,17.3,22.6,41.0,1017.3,2.0,false
2c15209ec74d22baab5fbb9bf55b46b15019a2a4,2024,1,FP2,2024_1,49,2984785,17.3,21.9,36.0,1017.2,2.6,false
d03e8de5e9ccc4b3a4450dd147abaefb9e554fa2,2024,1,FP3,2024_1,3,229895,20.5,34.9,30.0,1017.7,2.9,false
fd0dba65890175e9be7d3b9b263afaf551536946,2024,1,FP3,2024_1,9,589904,20.5,34.3,32.0,1017.6,2.7,false
934cae416ff77dad827ab321f6871a9a073c046d,2024,1,FP3,2024_1,23,1429917,20.4,33.3,32.0,1017.6,2.7,false
6c8a8c7cd6983f8893ee3ae625dca68880bc707e,2024,1,FP3,2024_1,28,1729920,20.3,32.7,35.0,1017.6,3.5,false
ff63cf048104f98ea7aeafdbdb24056b90ded73c,2024,1,FP3,2024_1,53,3230056,20.3,31.0,38.0,1017.7,3.2,false
4c24ce01f94e55670a30155a83be1be06555e6fa,2024,1,FP3,2024_1,55,3350057,20.2,30.9,39.0,1017.8,2.7,false
aa8999601efe9ca8ca325f9e80797fe172218c9f,2024,1,FP3,2024_1,69,4190111,20.0,29.7,40.0,1017.9,3.1,false
e15ef5afc3cbb19f1b7e79f6c4bce61a2d295732,2024,1,FP3,2024_1,79,4790168,20.0,29.4,38.0,1017.9,2.2,false
430cb68d8de3d466f396ae580ad7d4a6ba86032a,2024,1,Q,2024_1,35,2115682,18.1,21.7,47.0,1019.1,1.7,false
c834e231d70cb455bc5a04709e5f9c16d4cee019,2024,1,Q,2024_1,38,2295683,18.2,21.5,46.0,1019.2,1.8,false
fe29bd642d206d2421ecdb15ed683bab1b0d11e2,2024,1,R,2024_1,4,254091,18.9,26.2,46.0,1017.0,1.0,false
ce64f1d3710b01adfea510c11af4f47bd2ed536e,2024,1,R,2024_1,33,1994112,18.6,24.9,46.0,1017.0,1.3,false
ad8576fb9b10ae99ae691065000fb9e828d8af4d,2024,1,R,2024_1,46,2774119,18.4,24.3,49.0,1017.0,0.9,false
4303c02b1c256718c9a04a714a2a254bc7c36150,2024,1,R,2024_1,56,3374118,18.3,23.7,49.0,1017.0,1.6,false
4db486ed3e3c4eab6fa556894e7b34bbff08749c,2024,1,R,2024_1,63,3794127,18.3,23.8,49.0,1017.1,1.5,false
fde21f9680e6f9581b24d4818deede1b4d5bb311,2024,1,R,2024_1,77,4634141,18.2,23.4,50.0,1017.2,0.6,false
e5faed026995dec38ed422fbb2f485337ce41678,2024,1,R,2024_1,79,4754137,18.3,23.6,50.0,1017.2,0.5,false
2d000fb50a5fddbda56746d2a95657e2784744a8,2024,1,R,2024_1,85,5114135,18.1,23.2,50.0,1017.2,0.4,false
40d8081854f0ef9a4b2109086a431906d3b626d5,2024,1,R,2024_1,91,5474139,18.1,23.3,50.0,1017.1,0.6,false
56ad86a08b12ede35b2f10e7cc80a146092f199b,2024,1,R,2024_1,94,5654141,18.1,23.1,50.0,1017.1,0.7,false
497739d22144d6e5cdf634fa5157f8ee5216b0b6,2024,1,R,2024_1,110,6614198,18.0,22.7,49.0,1017.3,0.5,false
e4f69d64a4014568d817077788b375c4eccc24a1,2024,1,R,2024_1,134,8054301,17.8,22.0,51.0,1017.5,0.0,false
d3f6cbe82ec03c8dd5fbdb0e0f72805e18d0d755,2024,1,R,2024_1,142,8534301,17.6,22.0,51.0,1017.5,0.4,false
ff94f1ae606a1d3567cb0c56de019396f613df10,2024,1,FP1,2024_1,3,224889,19.7,35.9,38.0,1016.2,3.7,false
0e0772cd5ca97d415646ec943d476a18752852b0,2024,1,FP1,2024_1,18,1124979,19.5,35.6,38.0,1016.2,2.8,false
42956923299673533a4d119c06e1176f2aef6bd3,2024,1,FP1,2024_1,22,1364966,19.3,35.2,38.0,1016.1,3.1,false
74123510b3f07129f1699f71f0ccb19c1dbb2d36,2024,1,FP1,2024_1,32,1965017,19.5,34.6,38.0,1016.2,3.0,false
6807fc2d23e42df039f9a04fe50f33dcffa999a4,2024,1,FP1,2024_1,37,2265040,19.4,34.3,39.0,1016.0,3.4,false
4806c5c72fdf2a40eb53ccdc0125717253223855,2024,1,FP1,2024_1,40,2445034,19.3,34.3,40.0,1016.0,3.7,false
1a7973eddfcaa20270fe7bf8af51507a3715ad94,2024,1,FP1,2024_1,43,2625034,19.2,34.2,39.0,1016.0,3.7,false
d4654bb37c4ffea9631effb141141dd89695c8a5,2024,1,FP2,2024_1,12,764717,17.1,22.9,41.0,1017.0,3.5,false
5a5a5298d0168030e959e4fc4cee05b07b076817,2024,1,FP2,2024_1,18,1124749,17.2,22.7,40.0,1017.2,2.6,false
faa338bb518d961a6e0ea1d8117163d132e335d1,2024,1,FP2,2024_1,46,2804766,17.2,21.9,36.0,1017.3,2.2,false
f649f91bd84b7969e17e89da01a4df878cb29bd2,2024,1,FP2,2024_1,54,3284806,17.2,21.7,37.0,1017.2,2.1,false
9322b4a0cc774437ae1a8c32130d35aec981a431,2024,1,FP2,2024_1,66,4004902,17.4,21.5,36.0,1017.4,2.8,false
fd445375ec9aa460f5bde870cf2312841c674d7b,2024,1,FP2,2024_1,78,4724970,17.4,21.2,36.0,1017.4,1.7,false
975c1a5ff3b7aa66f494cd751b09c36293b646e2,2024,1,FP3,2024_1,5,349899,20.5,34.3,31.0,1017.4,2.2,false
85b323d5bf51a0599e6c7d88171eb280b1a2fb29,2024,1,FP3,2024_1,18,1129900,20.4,34.1,33.0,1017.5,2.5,false
bb5baed67b0a0207eac47eb55341bc51a55ac393,2024,1,FP3,2024_1,29,1789897,20.3,32.7,35.0,1017.6,3.1,false
148e2d9ddb9dd4e059982a70d05b2211891d56e4,2024,1,FP3,2024_1,59,3590057,20.1,30.7,39.0,1017.8,2.7,false
fd26e423c8c33e22ee70c5785f07fd5ac42712fb,2024,1,FP3,2024_1,61,3710052,20.0,30.6,38.0,1017.8,2.2,false
3b57df9a5802f032a548230f64d3e5ed2904d73a,2024,1,FP3,2024_1,62,3770064,20.1,30.7,38.0,1017.8,2.8,false
73530a260c511186bca5b0749e998248f00e8d34,2024,1,Q,2024_1,4,255662,18.1,22.2,48.0,1018.8,2.3,false
0136a95c48a2937a94fd44c0e52a977096e6df1e,2024,1,Q,2024_1,15,915667,18.1,21.8,48.0,1018.9,2.8,false
3de9950b32f8ae460500d2905992700e963d52e1,2024,1,Q,2024_1,29,1755677,18.2,21.6,47.0,1019.1,2.6,false
afedc27132ec5dcbc9cba91c55485cd1adc720fc,2024,1,Q,2024_1,31,1875676,18.1,21.6,47.0,1019.1,1.3,false
4747040267c1b5eb1ada727eac241370fdd323bd,2024,1,Q,2024_1,54,3255814,18.0,21.3,46.0,1019.2,1.2,false
3daf932de193852dce87e79dbb81bdcdbdf554e2,2024,1,Q,2024_1,72,4336056,17.9,21.0,46.0,1019.2,1.7,false
c82720aa20225590d2be5650476493bd65fcd872,2024,1,R,2024_1,35,2114108,18.5,24.7,46.0,1017.0,1.6,false
d749441fbff2434e8340c1d406b0f7f36b9dc274,2024,1,R,2024_1,42,2534108,18.5,24.5,47.0,1017.0,1.8,false
c86a6288ae51f5cbafd923f363c0d773704bd335,2024,1,R,2024_1,47,2834114,18.4,24.2,49.0,1017.0,1.8,false
9c49f18c1d51453b52a92279a402daced79edade,2024,1,R,2024_1,71,4274135,18.3,23.7,50.0,1017.2,0.5,false
216ecf81e7dc955bdcf75fe7f6e8ab883e14aafd,2024,1,R,2024_1,93,5594145,18.1,23.1,50.0,1017.2,0.5,false
85ecf63aa0cb1f2b155645af41a1db863c6ed92f,2024,1,R,2024_1,101,6074154,18.1,22.9,49.0,1017.2,0.7,false
a8b9ab50f32b111092eee13fbf47fe2677ec115f,2024,1,R,2024_1,115,6914254,17.9,22.7,49.0,1017.3,0.0,false
3bb96e3adea664565f117ced89272c49c6d35291,2024,1,R,2024_1,130,7814288,17.9,22.2,50.0,1017.4,0.6,false
723c86210b4a4dd5b2a34e29b73af5de4f8d6dcf,2024,1,R,2024_1,140,8414303,17.7,21.9,51.0,1017.4,0.5,false
c1ed8b8df352c9628f5b6d4eb4c2b9d84a3d3800,2024,1,R,2024_1,151,9074307,17.7,22.0,51.0,1017.5,0.0,false
9daf7c3273d2b0bff6bb272790829593cc486a76,2024,1,FP1,2024_1,0,44852,19.7,35.8,38.0,1016.2,3.7,false
d0cb6b6f09e9cf475333ff1ce52169c46123ca90,2024,1,FP1,2024_1,75,4545188,19.2,32.6,38.0,1016.1,3.7,false
ec30e57c7b49d58a04f2aa11e86d48fcea28c535,2024,1,FP2,2024_1,9,584713,17.1,23.0,43.0,1017.1,2.2,false
a4470534f9c5b882b89165fafe226cd8c69f2456,2024,1,FP2,2024_1,20,1244758,17.2,22.7,41.0,1017.2,2.0,false
18481c72bc4b16cf2ad9d34fe48df6a7814118ce,2024,1,FP2,2024_1,27,1664749,17.2,22.4,41.0,1017.0,1.8,false
78c0bfd2de287746fdf3a4ebfe67b9a8730140cb,2024,1,FP2,2024_1,29,1784759,17.2,22.4,42.0,1017.2,1.9,false
6e221b60fdcee9ffee15e6dc5d883bb4fe35121f,2024,1,FP2,2024_1,48,2924838,17.3,22.0,36.0,1017.3,1.9,false
e970852ad89e88ce129f661431e20153473ea4a6,2024,1,FP2,2024_1,55,3344802,17.3,21.6,37.0,1017.2,2.4,false
e6c6b5b082818590f4326218700f66ac84ef439b,2024,1,FP2,2024_1,58,3524855,17.3,21.5,37.0,1017.2,2.8,false
8ab606940d452a0af027c43df8a91ee2d2ecd819,2024,1,FP2,2024_1,64,3884903,17.4,21.5,37.0,1017.3,2.2,false
0701fb5faa43f174747151d48875cb1ef7c89df6,2024,1,FP2,2024_1,65,3944902,17.4,21.4,37.0,1017.3,2.5,false
c9baa13c2e912551d6348c93e0c09a3e4e01438d,2024,1,FP2,2024_1,73,4424916,17.3,21.2,35.0,1017.5,1.3,false
0316d3ddeef53c0c63fb583205e37a0a0d4a6bbb,2024,1,FP3,2024_1,4,289895,20.5,34.8,31.0,1017.7,3.7,false
120ddd63c012f1c4a594f5565790ba6c74272059,2024,1,FP3,2024_1,20,1249911,20.4,33.7,33.0,1017.6,3.2,false
ebb970d339c14b643c35ef9af17bafe9520bcb36,2024,1,FP3,2024_1,22,1369914,20.4,33.4,33.0,1017.6,3.0,false
b140e0137dd72ba8199e27df2926a0d19f8fead3,2024,1,FP3,2024_1,47,2870020,20.3,31.6,37.0,1017.7,2.9,false
5df4a07f97a94a15b32a652266b960ab5477f06a,2024,1,FP3,2024_1,73,4430114,19.9,29.7,39.0,1018.0,2.6,false
55ea4b9d127bd316a67b6804716e87bf1492c6d3,2024,1,Q,2024_1,45,2715729,18.1,21.3,46.0,1019.2,1.6,false
78296cece0596472a49d69ebf7c1845459898ef2,2024,1,Q,2024_1,48,2895783,18.0,21.4,46.0,1019.2,2.3,false
4f6b5f4b85ca818a31f6228456b09e8580cbe7b0,2024,1,Q,2024_1,52,3135777,18.0,21.2,46.0,1019.2,1.4,false
707887ae5f629e1924fa1c8c562e3ea03755e18a,2024,1,Q,2024_1,57,3435828,18.0,21.3,46.0,1019.1,1.5,false
686f9948e64534eda5e420fe822db3b8eb0a2f3c,2024,1,Q,2024_1,68,4095918,17.9,21.0,47.0,1019.2,1.3,false
5f93e8676d9c41421b02715e2ec1d475dcf8ac2e,2024,1,R,2024_1,2,134093,18.9,26.5,46.0,1017.0,1.0,false
c4392cad4d973df6a6dc1f298c7b4f69698247f4,2024,1,R,2024_1,3,194090,18.9,26.2,45.0,1017.0,1.1,false
feb4f167fe338e32e256fc7187d02f65cafed373,2024,1,R,2024_1,15,914091,18.8,25.7,46.0,1017.1,1.4,false
f09c834b64f0c6808657af3ec787d6b8e77d2ba1,2024,1,R,2024_1,21,1274111,18.7,25.5,46.0,1017.0,1.0,false
50e4cf4cca72b54a5fbd68fd6d6ad1e18fac2f2b,2024,1,R,2024_1,24,1454101,18.7,25.4,46.0,1017.0,1.4,false
10ee8739374cfd207c12a1fd072851c542f837fb,2024,1,R,2024_1,30,1814103,18.6,25.0,46.0,1017.0,0.4,false
a8e8edbfa942c6be0ea8798c6e975527f2bf4f16,2024,1,R,2024_1,90,5414138,18.1,23.3,50.0,1017.1,0.5,false
c0f0789229af1823875210022d398e5e00bb5065,2024,1,R,2024_1,98,5894153,18.1,23.0,50.0,1017.2,0.3,false
55a13aea82f456241419c7b1a4f80a8e350cbecd,2024,1,R,2024_1,100,6014148,18.1,23.0,49.0,1017.1,0.7,false
5e66a3734cd24c53dfbea2adcc9c6091e65fc572,2024,1,R,2024_1,104,6254146,18.1,22.9,49.0,1017.2,0.0,false
a7eed26964bca8a2c82ff1b300a31e71d78ce662,2024,1,R,2024_1,129,7754283,17.9,22.2,50.0,1017.4,0.5,false
47e7c7b4feb42bfc60d2f925a69f28b776c29724,2024,1,FP1,2024_1,5,344894,19.6,36.0,38.0,1016.1,3.7,false
86304cd6c3c6ac47a5b57268ff3170d035af430d,2024,1,FP1,2024_1,8,524927,19.5,35.7,38.0,1016.1,3.3,false
50ef6cbcef81b15fcd70eccdd3dcbf29bf989e4c,2024,1,FP1,2024_1,25,1544995,19.8,34.8,38.0,1016.0,3.5,false
325e79b47e3b8d4932c36424e007c2fe7c05ed85,2024,1,FP1,2024_1,29,1785002,19.7,34.9,39.0,1016.2,2.7,false
15024e8ae9032ca68cda70a0ba29df0af35c3998,2024,1,FP1,2024_1,67,4065125,19.1,32.9,40.0,1016.0,3.9,false
8f56f2ddbf8b7b55be0c664fae0b7a528770e21b,2024,1,FP2,2024_1,32,1964762,17.2,22.3,41.0,1017.2,1.9,false
119bd06eb3a8d9569e9fb71043dd920abbdb65af,2024,1,FP2,2024_1,44,2684755,17.3,22.0,37.0,1017.3,2.5,false
92519121ca94fa7363a608b93449ea8df9626350,2024,1,FP2,2024_1,53,3224805,17.2,21.8,37.0,1017.3,1.8,false
33c6c5aae381d3ac3258c7266f7be50a2e7309ad,2024,1,FP2,2024_1,71,4304906,17.4,21.2,35.0,1017.4,1.8,false
48fb08d8699c09e0a869d79b0438d57ef8612a79,2024,1,FP2,2024_1,75,4544951,17.3,21.2,36.0,1017.4,3.0,false
e6ec58425b43df60577547a11cfcc57078e95a20,2024,1,FP3,2024_1,10,649903,20.4,34.1,32.0,1017.6,2.8,false
ad467a4a90a09cf9b62a9b9a00c9cdaa081eaa91,2024,1,FP3,2024_1,17,1069911,20.4,34.0,33.0,1017.6,2.3,false
06aa81060a965ed026fa0eb51d84580cc115b70e,2024,1,FP3,2024_1,21,1309901,20.4,33.6,34.0,1017.6,2.6,false
af6b73e36f8f8fe6b36d8e711539a4694bc73439,2024,1,FP3,2024_1,26,1609917,20.4,32.8,34.0,1017.7,4.0,false
9b023940f172fa3c64f7ea1b9041ada6a4febd2b,2024,1,FP3,2024_1,38,2329924,20.3,32.1,36.0,1017.8,3.4,false
56f5ad7a8fc2764952bff9f03b1199030fe4ebe4,2024,1,FP3,2024_1,41,2509956,20.3,31.9,36.0,1017.8,2.8,false
e046688461d903087eba55a9e23aff2f0bee24b2,2024,1,FP3,2024_1,52,3170044,20.2,31.2,38.0,1017.8,2.5,false
2b0a220b69077e7265b08136d9e6aa51379a4661,2024,1,Q,2024_1,3,195646,18.1,22.2,48.0,1018.8,2.4,false
e4a1773d3959263cd79ae55917b84bf6f0d0f783,2024,1,Q,2024_1,16,975671,18.1,21.8,48.0,1018.9,2.0,false
bd9cbb682d113b34acae831dd4b1c995d1c76bb2,2024,1,Q,2024_1,37,2235683,18.1,21.4,47.0,1019.1,2.4,false
e6a7d709e58d4f42e68ee5e14610274497ac53ae,2024,1,Q,2024_1,46,2775751,18.1,21.3,46.0,1019.1,1.7,false
4f80027567511b7d31a41d84977f72eb68e56b1e,2024,1,Q,2024_1,69,4155922,17.9,21.1,46.0,1019.3,1.1,false
2a8f27c62e339642cff66719c023199e0c8b50c7,2024,1,R,2024_1,0,14093,18.9,26.5,46.0,1017.1,0.9,false
83e2bc88b449a21d77936528a9d0c0031214f9a7,2024,1,R,2024_1,43,2594107,18.5,24.5,47.0,1017.1,1.5,false
3d98fd9e2bca0c333d2e36683f6636e05eb5145a,2024,1,R,2024_1,53,3194125,18.4,23.9,49.0,1017.0,1.8,false
64a3032ff01bbbbea78df206b622c82dff089ed1,2024,1,R,2024_1,64,3854121,18.3,23.8,49.0,1017.0,1.0,false
3f6238719ee366de8f7d7b679b38bb7c625c4a8b,2024,1,R,2024_1,72,4334127,18.2,23.7,50.0,1017.2,1.1,false
00531469ccda3ef411ccf9b61c71e5715fac7352,2024,1,R,2024_1,96,5774143,18.1,23.2,50.0,1017.1,0.9,false
c4c3134a9bdc6bd47b33e428c99ff7190672a830,2024,1,R,2024_1,132,7934323,17.9,22.1,50.0,1017.5,0.0,false
beae6afe269692f7ca5f867a369fff4cfa688d83,2024,1,R,2024_1,154,9254313,17.7,21.9,51.0,1017.5,0.4,false
4886aec8a5d2fe6c615b988fd6930d02fc3e599d,2024,1,FP1,2024_1,12,764943,19.5,35.9,38.0,1016.2,3.2,false
457dd8a17b62ab686dd27c501edb7144975a584a,2024,1,FP1,2024_1,15,944959,19.6,35.6,36.0,1016.1,3.7,false
ee4eb6421a1f3c3642853d079ca3502f6a9381b6,2024,1,FP1,2024_1,19,1184980,19.5,35.4,38.0,1016.2,2.6,false
d3ca88ddeb68f3eb453c6e7d37982be27067732d,2024,1,FP1,2024_1,20,1244973,19.5,35.4,37.0,1016.2,3.1,false
c3142a1a00c56dad8c2b9865e540ccd73ad211c8,2024,1,FP1,2024_1,34,2085032,19.5,34.8,40.0,1016.0,2.7,false
c0a48213f7a4d79522c1216ef9fabea2e2176045,2024,1,FP1,2024_1,42,2565033,19.2,34.1,40.0,1016.1,3.8,false
82d59d8a4af54567695dd3d538449bf15efd727f,2024,1,FP1,2024_1,54,3285123,19.4,33.6,40.0,1016.0,3.3,false
88d5f235eba41778112528fc6731b00bdae4e95f,2024,1,FP2,2024_1,7,464700,17.1,23.0,45.0,1017.0,2.0,false
ad74c0d33b7a0bf75bbe613749b09aa1224cbf51,2024,1,FP2,2024_1,21,1304751,17.2,22.7,41.0,1017.3,1.9,false
a778a295be1fdb2607c950c92d01787d5e300f4e,2024,1,FP2,2024_1,25,1544752,17.2,22.6,41.0,1017.2,2.3,false
3068b2f224a901a316431d5b0ada12bfc667cc16,2024,1,FP3,2024_1,2,169949,20.6,35.0,30.0,1017.6,2.8,false
632e1ed430da2d565765470119bf5b83783ce7d8,2024,1,FP3,2024_1,32,1969919,20.2,32.2,35.0,1017.8,3.0,false
7eec7a57c2072a68b778db9c65b6b3abe1cba3f6,2024,1,FP3,2024_1,50,3050051,20.3,31.3,38.0,1017.8,3.3,false
f2f509cd53c33e075f4664164b3fc35dcc62deaa,2024,1,FP3,2024_1,71,4310120,19.9,29.8,40.0,1017.9,3.1,false
02755fb40e0aa42c28d8de5470ca42c23731bf72,2024,1,Q,2024_1,1,75661,18.1,22.2,48.0,1018.8,2.9,false
29441844ead9dcb67aed820455c6891d5c1a41b1,2024,1,Q,2024_1,9,555662,18.1,22.0,48.0,1018.8,2.5,false
34042183db6a3dcd6ffa374bdc1fa3b99893bc02,2024,1,Q,2024_1,25,1515659,18.2,21.8,47.0,1019.0,2.2,false
9826fabe1db4c317b1343b59a44708c1d9aec328,2024,1,Q,2024_1,36,2175676,18.2,21.7,47.0,1019.1,2.6,false
61f18933e759a1e3eebc8fb48f37adb3e8955632,2024,1,Q,2024_1,55,3315822,18.0,21.3,46.0,1019.2,1.1,false
8e8f68b042b6c0533244e462d18e5683bc7fd242,2024,1,Q,2024_1,61,3675853,17.9,21.1,47.0,1019.2,1.8,false
ace3e2f7a065b9a974610d4be5a746ab51b109b9,2024,1,Q,2024_1,65,3915885,17.9,21.1,47.0,1019.2,1.2,false
713fa4df59538eaeb2e6ce7773ab3d649a4adb98,2024,1,R,2024_1,19,1154121,18.7,25.5,46.0,1017.0,1.0,false
a9056c30aafbd3d96c27751b8ea65af40554874f,2024,1,R,2024_1,26,1574108,18.7,25.4,46.0,1017.0,1.1,false
dad472adc8f96377eca5b457ce87d9964cd13512,2024,1,R,2024_1,48,2894120,18.4,24.1,49.0,1017.0,1.6,false
f206c9d9881cf331691c0a1ced5eee819eb72aa1,2024,1,R,2024_1,75,4514132,18.2,23.5,50.0,1017.2,0.5,false
adc331fae8deffb09830b742ae388397e8ce8f10,2024,1,R,2024_1,112,6734222,18.0,22.7,49.0,1017.3,0.8,false
caf2e643632e60d3dbaf29db492f392c9fd48115,2024,1,R,2024_1,135,8114294,17.8,22.0,51.0,1017.5,0.3,false
6a5251beb39bf5a91886d8c9325f24a3c7ab2e6a,2024,1,R,2024_1,156,9374319,17.7,21.9,51.0,1017.4,0.0,false
b20768edbf90d60883f8d836d63e6f0aa576c711,2024,1,FP1,2024_1,10,644938,19.5,35.7,39.0,1016.1,3.6,false
d20f330defca8a97c7e390700e504cb706ff7116,2024,1,FP1,2024_1,13,824959,19.6,35.9,37.0,1016.1,2.8,false
ff886da35e9a791762e7fd1cba5db60770bc3ead,2024,1,FP1,2024_1,30,1845004,19.7,35.1,39.0,1016.1,3.6,false
abded1b577b1c9ed66ed6e7a2729f84dc069d6e8,2024,1,FP1,2024_1,52,3165113,19.2,33.3,40.0,1016.2,3.4,false
0f49d135f2852e4f658a71803606a167238f005f,2024,1,FP1,2024_1,57,3465129,19.2,33.3,39.0,1015.9,4.1,false
a4c8a34129ccf7147fc42264772326aad435c8c6,2024,1,FP1,2024_1,63,3825123,19.1,33.2,39.0,1016.1,2.8,false
6eec82961ceba406d5166d663c32158b90f57d50,2024,1,FP1,2024_1,77,4665192,19.2,32.7,37.0,1016.3,2.4,false
5ccb8425475fe4c28aabfee11f6af1567a9d636f,2024,1,FP1,2024_1,79,4785207,19.0,32.0,40.0,1016.2,3.4,false
4c00eefdcbec618c3c5b0e25856105b4bb41becf,2024,1,FP2,2024_1,67,4064905,17.3,21.3,34.0,1017.4,3.0,false
0bbe3bfd8fd3b2838a1515b70dbccca437a74d40,2024,1,FP2,2024_1,79,4784977,17.3,21.1,36.0,1017.4,1.7,false
b0b57455d92c248b7674d32f53dd7bf8e65de0c2,2024,1,FP3,2024_1,0,49898,20.6,35.2,30.0,1017.6,2.6,false
259296e7a28b307a0f347d642507844de77f1cb6,2024,1,FP3,2024_1,44,2690001,20.4,31.9,37.0,1017.7,2.6,false
fa403fe86412c5c819da487655bac08800a0b19e,2024,1,FP3,2024_1,45,2750013,20.3,31.9,37.0,1017.8,1.8,false
30250543992e0d4143cdbf477b3b62eabadc2f63,2024,1,FP3,2024_1,48,2930025,20.3,31.6,38.0,1017.8,3.1,false
a2936f22dd1345ca9e817673837ef79372753299,2024,1,FP3,2024_1,65,3950067,20.0,30.2,38.0,1017.8,2.5,false
b2807fb266561153d76f7f8efd7e5c65295d5dd5,2024,1,FP3,2024_1,77,4670154,20.0,29.5,37.0,1018.0,1.6,false
f52ebe8dd49a63d88f8f92b58bfc55d912b89c1b,2024,1,Q,2024_1,17,1035675,18.0,21.8,48.0,1018.9,2.1,false
1703146a49abd13622a066bd462c15bb94c14169,2024,1,Q,2024_1,26,1575672,18.2,21.8,47.0,1019.0,2.3,false
15866d0c789590e209e00aea129d98178e6c749c,2024,1,Q,2024_1,32,1935677,18.1,21.6,47.0,1019.1,1.5,false
99261c677f8549b3f70ddf357f26097d0345dcbb,2024,1,Q,2024_1,33,1995667,18.1,21.7,47.0,1019.1,1.5,false
5dc6498d4122515e6b86a9344b3e0353131817a3,2024,1,Q,2024_1,34,2055679,18.1,21.7,47.0,1019.1,1.7,false
527ca0038facf3d74c2442cb5439bb7f1797a373,2024,1,R,2024_1,23,1394105,18.7,25.4,46.0,1017.0,1.3,false
eceb909b4f61fd4ebc3cbd517cab21ec1fbb55b3,2024,1,R,2024_1,44,2654122,18.4,24.3,48.0,1017.1,1.2,false
44d5b051807c717639394583ac76fa3d05a936ff,2024,1,R,2024_1,51,3074116,18.4,24.1,49.0,1017.0,1.6,false
04e3ed1d6f6c0ad97492b6067d0f45bfaafb573f,2024,1,R,2024_1,68,4094122,18.3,23.5,50.0,1017.1,1.1,false
7969706ec8e8ac610315ea5d061669f1273a3684,2024,1,R,2024_1,76,4574177,18.2,23.5,50.0,1017.2,0.5,false
b766e262c8ce6c95f9419c22abd3dba8e8f314f8,2024,1,R,2024_1,81,4874145,18.2,23.4,50.0,1017.1,1.0,false
5cbd89d92c729c7cd6d289290ff41c113048a25e,2024,1,R,2024_1,109,6554206,18.0,22.6,49.0,1017.3,0.8,false
bb842ca9aa97f8fdcfb0ac2d722085cbf36a4c63,2024,1,R,2024_1,114,6854250,18.0,22.7,49.0,1017.3,0.7,false
c6b04841807c6c357988c3b7d9d1776ebf556940,2024,1,R,2024_1,118,7094274,18.0,22.6,50.0,1017.4,0.7,false
2e3fc602c83c23e035bcf9123086ab433116a3a6,2024,1,FP1,2024_1,1,104867,19.8,35.8,38.0,1016.0,3.4,false
5a1bc8240bc9babf863c39a0c74ab5363d68e7f6,2024,1,FP1,2024_1,28,1725001,19.8,34.9,38.0,1016.1,2.1,false
2e69271619932c9cb07f89799b30a4876df47f43,2024,1,FP1,2024_1,33,2025060,19.5,34.5,39.0,1016.0,3.2,false
528212eda4f9788aa30f10f44b1963b2c448ff1e,2024,1,FP1,2024_1,35,2145038,19.5,34.8,39.0,1016.2,3.2,false
1dbb97666beb8d50d29fb7c6fa5a7be0101a28ab,2024,1,FP1,2024_1,44,2685041,19.2,34.1,39.0,1016.1,4.1,false
393a9b56e3d8293f905e2b17f1e51055a77e9895,2024,1,FP1,2024_1,45,2745060,19.1,33.6,39.0,1015.9,3.6,false
32de8a66e993c3dd28ae81f3954d157d7709bfcb,2024,1,FP1,2024_1,61,3705125,19.2,33.3,39.0,1016.1,3.3,false
7fb4bea4c2368202cf1e711c748b61426a9143d1,2024,1,FP1,2024_1,73,4425187,19.1,32.5,40.0,1016.1,3.3,false
130991cea61c7c73a6ec909483db46ac6bb1e17d,2024,1,FP2,2024_1,22,1364757,17.3,22.6,41.0,1017.1,2.1,false
45924a1cbb9798c70d8aefa711c464a9d7439b30,2024,1,FP2,2024_1,30,1844754,17.2,22.4,42.0,1017.2,1.4,false
b441259b341b057d1f2a8f3de5045b94b392a370,2024,1,FP3,2024_1,12,769907,20.4,33.7,33.0,1017.6,2.3,false
2466bdaf2b4aa750265ffc58921aeb4974ca827d,2024,1,FP3,2024_1,25,1549906,20.5,33.0,33.0,1017.6,3.2,false
b452811018f36fcb883adff4a6eca27a04e4ffae,2024,1,FP3,2024_1,42,2569958,20.4,32.3,36.0,1017.7,1.8,false
0480e00db99fd5deb41920c43670d3df31f3c4b5,2024,1,FP3,2024_1,43,2629981,20.4,32.0,37.0,1017.7,2.3,false
6a0a7f0b142e634770b74bc25dfe6f8619f370bd,2024,1,FP3,2024_1,68,4130105,20.0,29.9,39.0,1017.9,3.1,false
70e620e57ee1ec3a7b058b2b3e70a67d3dfccdf3,2024,1,Q,2024_1,6,375718,18.1,22.0,48.0,1018.8,3.1,false
33f49ac829f2a405e149ee2a120a0df667c6cdaf,2024,1,Q,2024_1,7,435667,18.1,22.0,48.0,1018.8,3.1,false
0c067ee3aa2ecd36edbda8eb05244539833832f2,2024,1,Q,2024_1,10,615655,18.1,22.0,48.0,1018.8,2.8,false
77d51652c69877cbce60698fd7d0e2b209c3659f,2024,1,Q,2024_1,14,855673,18.1,21.9,48.0,1018.8,2.5,false
5c99221057517a6179c1e2d378e09790b424ea58,2024,1,Q,2024_1,44,2655735,18.1,21.3,46.0,1019.1,1.9,false
5b0e5d608d81170fb1bccd1b5a89024e004117de,2024,1,Q,2024_1,47,2835755,18.0,21.3,46.0,1019.1,1.2,false
61277d5431f4af3339406c563cafa5bbbd873127,2024,1,Q,2024_1,74,4456077,17.9,20.9,46.0,1019.2,1.7,false
ded8d2ecad34ebc55e46e1f4aa07897b89922d6f,2024,1,R,2024_1,13,794099,18.7,25.8,47.0,1017.0,0.8,false
c75f3dccb7f488757439422b3710bb39bee3db60,2024,1,R,2024_1,31,1874109,18.6,25.0,46.0,1017.0,0.9,false
9fada1b9d9f6a29faa422e900fdffdbd18ca2ce4,2024,1,R,2024_1,36,2174113,18.5,24.7,47.0,1017.0,1.6,false
6aa2c9d8586195539bdaff0b96f50b082a8d31fe,2024,1,R,2024_1,82,4934142,18.2,23.3,50.0,1017.2,0.5,false
37acd8cb441b28577694756bf4def9a35ebbc39a,2024,1,R,2024_1,126,7574286,17.9,22.3,50.0,1017.4,0.7,false
0f157fd103201f180aee66e752a0972ad0fa5fb5,2024,1,R,2024_1,127,7634293,17.9,22.4,50.0,1017.4,0.4,false
36f4c3edb495a146b1e6c73c331731d16f72a2d3,2024,1,R,2024_1,133,7994314,17.8,22.1,51.0,1017.5,0.5,false
b0f63e372caf33b8f9d920201d32e94961e8ea14,2024,1,R,2024_1,152,9134300,17.6,21.9,51.0,1017.5,0.7,false
2843cbab53b5d9cdde80f32c5f8143893d3c38a0,2024,1,FP1,2024_1,51,3105085,19.2,33.4,39.0,1016.1,3.9,false
64563556e06c771889aeb14131220b1bb1ce5086,2024,1,FP1,2024_1,55,3345123,19.4,33.8,39.0,1016.0,3.3,false
8c7bbd848db1900cb57245b0dc2b8fbc7a046518,2024,1,FP2,2024_1,8,524702,17.1,23.1,45.0,1017.2,2.1,false
1c0fc6eee724650dc1bf6127b0ef67feea62de3c,2024,1,FP2,2024_1,13,824704,17.2,22.8,41.0,1017.0,2.5,false
512fd97b9dd666293bc4eb300821f421593c0df7,2024,1,FP2,2024_1,15,944705,17.2,22.7,40.0,1017.1,2.7,false
67c4f89adc539b3245450f7c5e61c1c040690948,2024,1,FP2,2024_1,17,1064774,17.2,22.7,40.0,1017.1,2.9,false
39e95983df255a4ad94bb865baf95d92b13a8ba2,2024,1,FP2,2024_1,19,1184742,17.2,22.7,40.0,1017.2,1.9,false
5ae1cfa4b383ee6a1ba25ce44c27fc7ca620ce26,2024,1,FP3,2024_1,15,949901,20.5,34.0,33.0,1017.5,3.4,false
a0ce3ccca3f6f4fea4f933cf016a2c1f05b25324,2024,1,FP3,2024_1,16,1009911,20.4,34.0,33.0,1017.6,1.9,false
f4474a59d98184d0735bc73632adbde42375afe9,2024,1,FP3,2024_1,33,2029922,20.3,32.3,35.0,1017.6,1.8,false
2c60e15b90a6ef2844716f2f168ba976ae29fa50,2024,1,FP3,2024_1,39,2389923,20.3,31.9,36.0,1017.7,2.9,false
cc4914780d789d8c8e3133d7c72f3652f362faf7,2024,1,FP3,2024_1,40,2449926,20.2,31.9,36.0,1017.7,2.4,false
92c3dd0977cf0eccd7a26dd06f5a1ce99613d2e1,2024,1,FP3,2024_1,63,3830053,20.1,30.4,38.0,1017.8,3.3,false
20a0938bffa55614e58d1dd8e4a01c4ceeb837d6,2024,1,Q,2024_1,18,1095672,18.1,21.7,48.0,1018.8,2.7,false
e563a9b4791d825a92bd48847ce3f428efcf66ad,2024,1,Q,2024_1,49,2955783,18.1,21.3,46.0,1019.2,2.1,false
23c83e9930b7e80912099e4ab3fe8eedca4bb214,2024,1,R,2024_1,9,554100,18.9,26.0,46.0,1017.0,1.0,false
0167b91782edd54e5986cb4f596fbb06db88b779,2024,1,R,2024_1,16,974102,18.7,25.6,46.0,1017.1,0.6,false
2a9075bd9d4482e81cb7ab0241b75092ad9cae4d,2024,1,R,2024_1,18,1094104,18.7,25.6,46.0,1017.0,1.1,false
74d8f1b088cf019137c5fee98868baffa5735d1c,2024,1,R,2024_1,27,1634100,18.6,25.5,46.0,1017.1,0.4,false
d2db9bb223c29a62ade12b38baec24b43fc1abcd,2024,1,R,2024_1,50,3014120,18.4,24.2,49.0,1017.0,1.6,false
1a029808e016fde3ab4912263cf7b292a3999097,2024,1,R,2024_1,69,4154126,18.3,23.5,49.0,1017.1,0.6,false
57bcc90b12507889d9de50b9935453a69b83e302,2024,1,R,2024_1,78,4694133,18.2,23.5,50.0,1017.2,0.5,false
e67409d56b98956eb5e802db6ad990edbf3507e1,2024,1,R,2024_1,106,6374151,18.1,22.8,49.0,1017.2,0.8,false
67594cfa8633a8460abe69cec093d42736c63b6f,2024,1,R,2024_1,119,7154291,18.0,22.6,50.0,1017.5,0.9,false
9d08c304b319037f4d7de55b1f630cdc9907b331,2024,1,R,2024_1,146,8774302,17.6,21.9,51.0,1017.5,0.0,false
2985e954f4e220a9db43728bced13607718fc720,2024,1,R,2024_1,155,9314305,17.6,21.9,51.0,1017.5,0.0,false
262397f53631a416d2ee757efcbd29d34e44e9cf,2024,1,FP1,2024_1,7,464905,19.5,35.7,38.0,1016.1,3.9,false
b9c688e6416ae071c64dfd000d7ac3711cbc1074,2024,1,FP1,2024_1,14,884958,19.6,35.7,36.0,1016.2,3.4,false
9f4943dc7ed51384f674682961d7e9837fd619c9,2024,1,FP1,2024_1,31,1905020,19.6,35.1,38.0,1016.0,2.5,false
31713bef22b8b17ec51dcfdfb1f43de227414fa3,2024,1,FP1,2024_1,50,3045095,19.2,33.5,39.0,1016.0,3.8,false
808874d0daf782c0410f5f8a718657d9f4a90cdf,2024,1,FP1,2024_1,53,3225126,19.3,33.5,40.0,1016.1,2.3,false
8842c1ecc928e49f75a2fd8399eafbe9a9fc2f4b,2024,1,FP1,2024_1,80,4845207,19.0,31.9,40.0,1016.2,3.8,false
dc672e073c7c1e3c610bb18464bf6e3ceb2228ca,2024,1,FP2,2024_1,26,1604756,17.2,22.5,41.0,1017.2,2.3,false
bc6ff4bb60b6cb00a21f3fda85a3a0a600c4aa69,2024,1,FP2,2024_1,37,2264760,17.2,22.1,39.0,1017.2,2.1,false
870c38c488eae729659292b41fccb6727c4f4265,2024,1,FP2,2024_1,42,2564752,17.3,22.0,38.0,1017.3,2.6,false
bcc7f3939456ba4288e455b2e3d8e09dcc340464,2024,1,FP2,2024_1,50,3044788,17.3,21.8,37.0,1017.2,2.3,false
c0d5841e47abda461b0f8d59d45d0472bb7c2022,2024,1,FP2,2024_1,56,3404822,17.3,21.5,37.0,1017.3,3.2,false
96886e17800177831787b9c360fe668cce463a17,2024,1,FP2,2024_1,62,3764897,17.3,21.5,38.0,1017.3,2.0,false
4f3d42ce2a8784bea4b866e78174edc732d96616,2024,1,FP2,2024_1,80,4844979,17.3,21.2,36.0,1017.6,2.9,false
1aaa4b160aae28a7a8d5cb5fef0c76af05cf29e5,2024,1,FP3,2024_1,24,1489907,20.5,33.1,33.0,1017.6,3.5,false
1ee4c01e1fd8a2df87c6145a8fc977e0882126e8,2024,1,FP3,2024_1,27,1669915,20.3,32.8,35.0,1017.6,3.0,false
27386360c705bb52e72f1286a475f1a5a100737c,2024,1,FP3,2024_1,30,1849919,20.3,32.7,33.0,1017.6,4.0,false
1e36feccd29af2ce68d27b1a8e8ce09d94179dff,2024,1,FP3,2024_1,58,3530059,20.1,30.8,39.0,1017.9,2.7,false
acc96f944f293a96d756db72812b4bf55c91d9e5,2024,1,FP3,2024_1,70,4250107,20.0,29.7,41.0,1017.8,2.2,false
540add9bd77109ec4407d1315240bfc768b49732,2024,1,Q,2024_1,5,315662,18.1,22.2,48.0,1018.8,2.3,false
798032a1e3986c234155140de18e5a5d9ef5371d,2024,1,Q,2024_1,12,735671,18.1,22.0,48.0,1018.8,2.9,false
f4487990ae59641f9eaf44ea7e3db74e109f22e5,2024,1,Q,2024_1,22,1335698,18.1,21.7,47.0,1019.0,2.8,false
c5e0eefb11d1221e0531ff048b0c3ec0b35a15b0,2024,1,Q,2024_1,59,3555835,17.9,21.3,47.0,1019.2,1.1,false
05984d47bb36fa772b136473f2662741e348d351,2024,1,Q,2024_1,66,3975888,17.9,21.1,47.0,1019.2,1.5,false
d7646043530c143e0e8eca43eeb5b323c504a506,2024,1,Q,2024_1,73,4396056,17.9,20.9,46.0,1019.3,2.0,false
36d7c06974213b40a995eca3792051cd30f5a986,2024,1,R,2024_1,40,2414102,18.5,24.7,47.0,1017.0,0.5,false
25b950cbd210e91a15e30ac442bbe2f4ddc1545a,2024,1,R,2024_1,66,3974123,18.3,23.6,49.0,1017.0,0.7,false
b52a96263230d66af6f4d0574fd1b0f728e1839c,2024,1,R,2024_1,67,4034127,18.3,23.5,50.0,1017.1,1.5,false
153ab88a3b9d431f2b146e78d6538e95e07c240b,2024,1,R,2024_1,92,5534141,18.1,23.2,50.0,1017.1,0.7,false
b43f5146d36f47a5aa863ee1cb2d69f6443d4af6,2024,1,R,2024_1,102,6134155,18.1,22.9,49.0,1017.2,0.0,false
77b35f6c833548f7ebf125a50be813cc166e53b5,2024,1,R,2024_1,107,6434178,18.0,22.8,49.0,1017.3,0.6,false
6aac76c16a9eb698a0aa66195e2e5be7bf717013,2024,1,R,2024_1,124,7454293,17.9,22.4,50.0,1017.4,1.0,false
810014181da7bc18b0775e3bcd3e5c9115e69b83,2024,1,R,2024_1,125,7514296,17.9,22.4,50.0,1017.4,0.4,false
9bbb8ea23325cab7470f349258b7d0bf33da7c38,2024,1,R,2024_1,131,7874294,17.9,22.2,50.0,1017.4,0.4,false
30313d2cab3ea67502632e8391a1589046f2d333,2024,1,R,2024_1,143,8594293,17.6,22.0,51.0,1017.5,0.4,false
6e5a3ce56830724453f61599b48a171fc2a2f433,2024,1,FP1,2024_1,26,1605000,19.8,34.9,38.0,1016.0,2.7,false
af1e0913163ef29550655522916138cadcd0f492,2024,1,FP1,2024_1,66,4005134,19.0,32.8,40.0,1016.1,3.8,false
866cac80ee034b776f611a633423856ca99e35a5,2024,1,FP2,2024_1,1,104644,17.1,23.3,46.0,1017.0,2.4,false
7c9ef82c38eda53d3363f9c34efba79476033379,2024,1,FP2,2024_1,52,3164782,17.3,21.9,37.0,1017.3,1.5,false
f5f4591c9839648bb9c17f636eb1ba61dbed2b6a,2024,1,FP2,2024_1,60,3644863,17.3,21.4,37.0,1017.3,2.3,false
64a6cf42d7ff8679cb2c2abc79f7e04234a782dd,2024,1,FP2,2024_1,81,4904979,17.3,21.1,36.0,1017.6,1.2,false
ad6dc5211e34dceee602709fd694488f2c0520a9,2024,1,FP3,2024_1,1,109895,20.6,35.1,30.0,1017.7,3.4,false
0ed6f8c0f09b412162d2f50b5dacf351bd172af5,2024,1,FP3,2024_1,14,889903,20.5,33.9,33.0,1017.5,2.6,false
401fa20f93ee649334e477dd1c68fcad8760c8f5,2024,1,FP3,2024_1,57,3470052,20.1,31.0,39.0,1017.8,1.6,false
e77d78f9f51bb4a27c6c6f5b1a043a3c57bf9cc7,2024,1,FP3,2024_1,80,4850161,20.0,29.3,40.0,1018.0,2.5,false
bbaef157106b38500491d0c2f3fac203fa89f831,2024,1,FP3,2024_1,81,4910168,20.0,29.2,40.0,1017.9,2.0,false
fd3280c7c3668c865d75c4ff9530b54ddf61a1d2,2024,1,Q,2024_1,2,135648,18.1,22.2,48.0,1018.8,2.1,false
c2ecaef821cdb0c13e306c9e5a339aafacab0129,2024,1,Q,2024_1,19,1155666,18.1,21.7,48.0,1018.9,2.7,false
fb798b282f3414bb19d529c6e4b296ea0a5cffa8,2024,1,Q,2024_1,41,2475712,18.1,21.4,46.0,1019.0,2.2,false
1ff83ac488bd5c79ad65ec19c0d0d3ee93105a69,2024,1,Q,2024_1,75,4516082,17.9,20.8,47.0,1019.3,1.6,false
be4855aba85057bf122e24c7440f7241301c37a1,2024,1,R,2024_1,10,614093,18.9,25.8,46.0,1017.0,1.6,false
56afb8702d08a664982143bc900553fd379066f9,2024,1,R,2024_1,14,854093,18.8,25.8,46.0,1017.0,1.3,false
9d101b50f8ef54784a2ca4e6f24ddbe752ad61ae,2024,1,R,2024_1,20,1214108,18.7,25.5,46.0,1016.9,0.8,false
7d237da90142159a8c3a80dd51e921ce7d973755,2024,1,R,2024_1,57,3434122,18.3,23.9,49.0,1017.0,1.6,false
a667178498ffa091ca5381a0c10cf9ef95fbc74f,2024,1,R,2024_1,73,4394142,18.2,23.5,50.0,1017.2,0.4,false
ca096a57450511788727d733a109eda10cb5069c,2024,1,R,2024_1,74,4454130,18.2,23.5,50.0,1017.1,0.6,false
565bb39cb11dcc414c7c56c7da7c0ca310b80ff3,2024,1,R,2024_1,99,5954151,18.1,23.0,49.0,1017.2,0.9,false
cae69e5c477a2cb863cd37d984a5479e6eeb1437,2024,1,R,2024_1,103,6194147,18.1,22.9,49.0,1017.2,0.7,false
cc38759a9fa22ae70afc1fbc7a87a3be1bc4f54e,2024,1,R,2024_1,111,6674211,18.0,22.7,49.0,1017.2,0.6,false
a959c364d2cd78d01d7938cfc21b463a5b9df7d5,2024,1,R,2024_1,121,7274291,17.9,22.6,50.0,1017.4,0.4,false
060937ace9a26d7409108cd14310e1056df9d24c,2024,1,R,2024_1,137,8234300,17.8,21.9,51.0,1017.4,0.6,false
9f5f9e9ec71244be8a2255e889a4ac7c535becf3,2024,1,R,2024_1,138,8294299,17.7,22.0,51.0,1017.5,0.0,false
2b2d1d6877c43131f9d2359d20688af2d8ffbb8d,2024,1,FP1,2024_1,4,284894,19.7,35.9,38.0,1016.1,4.0,false
36a635712cded5be2649d3a9d5c7fa7ac6701a6e,2024,1,FP1,2024_1,6,404888,19.6,35.8,38.0,1016.2,2.9,false
e15af880d92effbff4526fd375e8f76330ecb485,2024,1,FP1,2024_1,27,1664992,19.8,34.9,38.0,1016.1,3.0,false
7c2f5253fbf467c0c51c3efe19d4eb03236320a6,2024,1,FP1,2024_1,38,2325027,19.4,34.4,40.0,1016.1,3.7,false
a18fb655f746e5b117b1e121e3e2eae8b3fc34bf,2024,1,FP1,2024_1,46,2805053,19.1,33.6,40.0,1016.1,3.3,false
d3e13a91cf4a4fb88fc1c94198b2f1bfd0a05fa2,2024,1,FP1,2024_1,47,2865063,19.2,33.6,40.0,1015.9,3.9,false
11d8037f64b532ed0d545325ba9537dbdaf37f78,2024,1,FP1,2024_1,49,2985087,19.3,33.5,39.0,1016.1,3.7,false
94094c77aa20e785f4ce6936ca6a3388132290e1,2024,1,FP1,2024_1,58,3525128,19.2,33.3,40.0,1016.0,3.3,false
c620fdeed505ce301bde1266784e61bd5e8cf0e5,2024,1,FP1,2024_1,76,4605189,19.2,32.6,37.0,1016.2,3.4,false
de5ee2bda2e7b0f66f8719a0954b75a0f448cd0a,2024,1,FP1,2024_1,81,4905208,19.0,32.3,39.0,1016.3,2.3,false
fea10cfbf4022a0e6e58eebfc1b3807b08339ef3,2024,1,FP2,2024_1,24,1484750,17.2,22.6,41.0,1017.3,1.4,false
44777d16689e4cfac8aa157f7a94ee0e79094334,2024,1,FP2,2024_1,38,2324763,17.2,22.1,39.0,1017.1,3.2,false
5da307bf28c875ed2ba005d6767a3cf633cdd6b6,2024,1,FP2,2024_1,45,2744779,17.2,21.8,37.0,1017.3,2.6,false
c1b556f45ab36962746cdeea585aa67037be6fe9,2024,1,FP2,2024_1,61,3704878,17.3,21.5,38.0,1017.3,1.6,false
ff63c605fc7071555f04be7390a41e216bbcddae,2024,1,FP2,2024_1,68,4124893,17.4,21.3,34.0,1017.3,2.9,false
accb6f940ccfca97796e0a65f335a3ec4d58d4d5,2024,1,FP2,2024_1,69,4184909,17.3,21.3,34.0,1017.4,2.7,false
09ac962a61488cd7e2ec25a8d64cd7f9dce545e1,2024,1,FP2,2024_1,72,4364909,17.4,21.2,35.0,1017.5,1.3,false
99dfeb00a08dfaff128747167bf3957bcb65c334,2024,1,FP2,2024_1,76,4604960,17.4,21.1,36.0,1017.4,1.4,false
6a2501d845540d82a453ef0276680569215b48f3,2024,1,FP2,2024_1,77,4664957,17.4,21.2,36.0,1017.5,1.6,false
142f0aea46ca127f7e55687fd4d67b4c9be780a5,2024,1,FP3,2024_1,13,829907,20.4,34.1,33.0,1017.6,2.8,false
b1372e5f644c70c0e4656139dd84ed4b4db2205f,2024,1,FP3,2024_1,34,2089922,20.2,32.4,35.0,1017.7,3.4,false
e8b2d661a772aa85706df4560dc618a2dc6fd97a,2024,1,FP3,2024_1,74,4490175,19.9,29.5,39.0,1017.9,2.8,false
037b4d88edd9ded79151990219cc881a8684e60d,2024,1,Q,2024_1,8,495662,18.1,22.0,48.0,1018.8,2.9,false
938d95f48b5eb617fe68978f535d900559cc76d9,2024,1,Q,2024_1,20,1215671,18.1,21.7,47.0,1018.9,2.1,false
de0cab8ea36b0244b9a37ddacf1907948a16c654,2024,1,Q,2024_1,27,1635673,18.2,21.8,47.0,1019.1,2.5,false
8b2d24cce899814b4c46cf5ebd0f75978da0ee69,2024,1,Q,2024_1,28,1695677,18.2,21.7,47.0,1019.0,2.4,false
136666441889710d46a910f04b340feced9d228a,2024,1,Q,2024_1,51,3075781,18.0,21.2,46.0,1019.3,1.9,false
b5bb537aac87e6636bcc0f3c0c2ab25d57fbedf1,2024,1,Q,2024_1,71,4275916,17.9,21.0,46.0,1019.2,1.7,false
d199c5ffbc77b691fd0eec2874581522f9c58f14,2024,1,Q,2024_1,76,4576077,17.9,20.8,47.0,1019.3,1.3,false
a3d9a2b9af5357beb84d375cec31c1bc267aa2fd,2024,1,R,2024_1,60,3614115,18.2,23.8,49.0,1017.2,1.5,false
2e4bc0cf1d12d486b21d37789ac46cca1aa34a83,2024,1,R,2024_1,65,3914127,18.3,23.7,49.0,1017.0,0.9,false
15f32f76954f5515edeb716dedd068c0450b5d3f,2024,1,R,2024_1,149,8954305,17.6,21.9,51.0,1017.5,0.0,false
f009096023dd784b353871cb60f6f20bd1476a81,2024,1,R,2024_1,150,9014302,17.6,21.9,51.0,1017.5,0.4,false
bedbcbc42b6af6db8355bdfc9e1dfd6bbaeca3ef,2024,1,FP1,2024_1,9,584935,19.5,35.7,39.0,1016.2,3.8,false
5ab5a61604d36ac1575502fdef69cc0cc1246b56,2024,1,FP1,2024_1,39,2385039,19.4,34.4,40.0,1016.0,3.8,false
1d107601fd5cb663ae93eef25ffdc5cba3d18f57,2024,1,FP2,2024_1,2,164652,17.2,23.2,46.0,1017.1,1.8,false
df837f4734f40697143eaa9fb98eb59ca3db3c21,2024,1,FP2,2024_1,5,344682,17.1,23.1,45.0,1017.1,2.3,false
3eed61f7acf4ffd72e5469aea6206d4b95d65f82,2024,1,FP2,2024_1,35,2144748,17.2,22.2,39.0,1017.1,2.4,false
65e2d37793ec62f378fb20bec286e57d662bc99f,2024,1,FP2,2024_1,41,2504764,17.3,22.0,38.0,1017.2,2.6,false
9f118e3ce9ee13384ac64bcf6f4f3bf987c170ec,2024,1,FP2,2024_1,74,4484941,17.3,21.3,36.0,1017.4,2.2,false
e886ce56443d5b594c5d17b86f3212a178282c32,2024,1,FP3,2024_1,19,1189896,20.5,33.9,33.0,1017.6,2.7,false
263eed0ea4590acc07e90a92252599b5b0a1a4ee,2024,1,FP3,2024_1,31,1909914,20.3,32.2,33.0,1017.7,3.6,false
5b972484bbdccf3484ca5da4a04333563aa60132,2024,1,FP3,2024_1,56,3410050,20.2,31.0,39.0,1017.7,2.4,false
8137eecd7f6a1aa7fe7bf1c3ef767fa815f0f7bc,2024,1,FP3,2024_1,60,3650062,20.1,30.6,38.0,1017.8,3.6,false
3636c18deb9510c08b9c767f7cde4909e8b71ae1,2024,1,FP3,2024_1,66,4010086,20.0,30.2,38.0,1017.8,2.9,false
504292a0a5a00928cdf670529d9c2056689ce9b8,2024,1,FP3,2024_1,75,4550130,19.9,29.5,38.0,1018.0,2.2,false
a9f8b9cca3c7357be7c81f45cbd8ea21ccf0d1cd,2024,1,Q,2024_1,0,15662,18.2,22.2,48.0,1018.8,2.7,false
d6d55bb694ff7c6b89ed3b65dbec01af918fa38b,2024,1,Q,2024_1,13,795661,18.1,22.0,48.0,1018.9,2.8,false
9d6b273f4396118d1af954de3a4d32d2907482e3,2024,1,Q,2024_1,40,2415692,18.1,21.4,47.0,1019.2,2.1,false
9c7520fb17990d7baa55b0434649ebad04692151,2024,1,Q,2024_1,42,2535714,18.0,21.4,46.0,1019.2,2.1,false
e2c7661a21b16be05aa2df93c34f98a1881ff5ac,2024,1,Q,2024_1,56,3375839,18.0,21.2,46.0,1019.1,0.9,false
de9dbdcf5171171060bcba34c01146600b9a1abe,2024,1,Q,2024_1,62,3735857,17.9,21.1,47.0,1019.2,1.7,false
c48374e7118cf498ea65e78abbeb42a53e06c1a0,2024,1,R,2024_1,1,74084,18.9,26.5,46.0,1017.0,1.0,false
0edc4ee0e35dd75d95850bbc45378e916d455e91,2024,1,R,2024_1,22,1334102,18.7,25.4,46.0,1017.0,1.2,false
7b59bbeb84c72a6aac9c76902a9f64a4ae4edf5b,2024,1,R,2024_1,37,2234113,18.5,24.7,47.0,1017.0,1.0,false
cd556b507fa0803b077952acdbd295c32c48ef62,2024,1,R,2024_1,39,2354111,18.5,24.7,47.0,1017.1,1.3,false
66003125877a11e720833406c3670e3f72eee810,2024,1,R,2024_1,52,3134119,18.4,24.0,49.0,1017.0,2.0,false
31d242387854712c19bd812af328916d00a067b4,2024,1,R,2024_1,59,3554135,18.3,23.8,49.0,1017.1,1.2,false
5fed5d778d7241dae3e958eacfd6fbbaebd133c7,2024,1,R,2024_1,88,5294122,18.1,23.4,50.0,1017.2,0.4,false
5702d72d39a16e562ad88a63db749eeb5cc631cd,2024,1,R,2024_1,95,5714144,18.1,23.2,50.0,1017.2,0.5,false
01e09554f6e1d1c36075f364acb0fa3c26bf92ed,2024,1,R,2024_1,105,6314166,18.1,22.8,49.0,1017.3,0.6,false
8dccf35d960f1b14d4212f8eb81398692ac5d92d,2024,1,R,2024_1,145,8714302,17.6,21.9,51.0,1017.5,0.4,false
91bfb9b31e64e1f5110a8c5753d2244f84902738,2024,1,R,2024_1,153,9194300,17.6,21.9,51.0,1017.5,0.0,false
2a1ac3de2fcefacd30dec372c4c931967ea21068,2024,1,FP1,2024_1,2,164873,19.7,35.9,38.0,1016.2,4.1,false
6efc12ea4e5f869f12e9d554eb2bdb28bb9e2c7c,2024,1,FP1,2024_1,21,1304982,19.4,35.2,38.0,1016.2,4.0,false
471139c2bf6fe8878f10302054abcef353f8b388,2024,1,FP1,2024_1,24,1484983,19.7,34.9,38.0,1016.0,3.6,false
bc6f6cf187d56249fbd5006e044a74847cd8cbd7,2024,1,FP1,2024_1,56,3405121,19.4,33.8,38.0,1016.0,2.9,false
5040711b15d7d231886f34f225d20626ae1c4383,2024,1,FP1,2024_1,64,3885130,19.2,33.2,39.0,1016.1,3.0,false
5ef9417335774c40d529ad8b16f3424b96fedc53,2024,1,FP2,2024_1,16,1004731,17.2,22.6,40.0,1017.1,2.0,false
bbcf5485691074568702ddce2a601995a31089c1,2024,1,FP2,2024_1,34,2084761,17.2,22.3,40.0,1017.1,2.5,false
53d4bccbf3f8540b00ca919f55ee07a97ea8184e,2024,1,FP2,2024_1,59,3584859,17.3,21.4,37.0,1017.2,3.1,false
ccbbf7f4703cdfd43ff7877965ad262f1e92508b,2024,1,FP3,2024_1,6,409909,20.5,34.3,31.0,1017.5,3.7,false
901b106e815b72038593ed054ffd530549b17c85,2024,1,FP3,2024_1,7,469904,20.5,34.3,31.0,1017.5,3.3,false
eae6887a5085aa9e2f41aceff4a5a88520779767,2024,1,FP3,2024_1,11,709900,20.4,34.0,33.0,1017.6,2.8,false
35280634cdac46e96de133a7a4ae1b6ddd98bc2e,2024,1,FP3,2024_1,35,2149923,20.3,32.4,36.0,1017.7,2.3,false
88b43a35a0d87308dc72519c7bc4f501bde82df8,2024,1,FP3,2024_1,46,2810028,20.3,31.6,37.0,1017.8,2.6,false
6da000a57b64a9794ef329e150ff68c9b2f1e439,2024,1,FP3,2024_1,54,3290059,20.2,31.0,39.0,1017.8,3.2,false
c39ccfe839e86c623952aa59b6ba79fea6a53e5d,2024,1,FP3,2024_1,72,4370108,19.9,29.7,39.0,1017.9,2.9,false
002c81771455978c76f7f24a68b2f3d665b97627,2024,1,Q,2024_1,11,675660,18.1,22.0,48.0,1018.7,2.4,false
192b825d1a0874a3a25bfd28b20b03cb0203795b,2024,1,Q,2024_1,23,1395674,18.1,21.7,47.0,1019.0,2.4,false
85ed56617451637e676af670bf8823aec52ecca9,2024,1,Q,2024_1,24,1455665,18.1,21.8,47.0,1019.0,2.0,false
2e7723f18c1be58a46ca085d653f9cc7c13cbc19,2024,1,Q,2024_1,43,2595732,18.0,21.4,46.0,1019.2,1.6,false
006426956aaf51d57c16db075c56cb899d87b962,2024,1,R,2024_1,7,434097,18.9,26.2,46.0,1017.0,0.8,false
d72f7ac15576f44bd8eaf6dae0fa45311343fff0,2024,1,R,2024_1,8,494086,18.9,26.2,46.0,1017.0,0.9,false
26877abf129068a5c99ec51e4d60f1c6efc50f51,2024,1,R,2024_1,12,734090,18.8,25.7,47.0,1017.1,1.0,false
2cbc9f526d00becd270cc25b1b8b57afeeefe4a5,2024,1,R,2024_1,29,1754105,18.6,25.3,46.0,1017.1,0.7,false
26e6de926ec0c29d7ba0606bf5e522b5a52bb9a8,2024,1,R,2024_1,32,1934106,18.6,24.9,46.0,1017.0,1.4,false
c8df28970754a197ad18c35df7f32609df58076d,2024,1,R,2024_1,58,3494118,18.3,23.9,49.0,1017.0,1.1,false
5edcb2178a1bcd0527c11cf6124b5063c7d73cfa,2024,1,R,2024_1,61,3674131,18.3,23.8,49.0,1017.0,0.9,false
7a52029dc73d0c748af1b41bcd2908cf350345be,2024,1,R,2024_1,70,4214127,18.3,23.5,50.0,1017.1,0.5,false
ff94494251fde2cb3ca9a81f6bbb6ca97ae1dd61,2024,1,R,2024_1,80,4814140,18.3,23.5,50.0,1017.2,0.4,false
a6769b32686a039b1b88b6f6399cede67b08b301,2024,1,R,2024_1,108,6494196,18.0,22.7,49.0,1017.2,0.7,false
f080b58b8cf8fdf6241493e709613f5923ccc8c2,2024,1,R,2024_1,113,6794241,18.0,22.7,49.0,1017.3,0.7,false
b99d1b6fa43373deb07ada04abffee6fca4be883,2024,1,R,2024_1,122,7334282,17.9,22.6,50.0,1017.4,0.8,false
64e76c60b367ebe785ff463527f6b85fe0a8708c,2024,1,R,2024_1,139,8354302,17.7,22.0,51.0,1017.4,0.4,false
a065fb77acf19ef1ec713030c35a08c9b795d252,2024,1,R,2024_1,147,8834309,17.6,21.9,51.0,1017.5,0.3,false
675a46ffa5afe7f2a8100686318f0f9c296b801e,2024,1,FP1,2024_1,23,1424975,19.6,34.9,38.0,1016.1,2.9,false
3995d2fedbb7471fdf4630a94fdd7fddbd4f0629,2024,1,FP1,2024_1,41,2505034,19.2,34.3,41.0,1016.0,3.8,false
65caf47fa0d8e5cdda9e95adbb5a380620770b73,2024,1,FP1,2024_1,71,4305159,19.1,32.8,40.0,1016.1,3.1,false
50cdf5d7e67f27f8140915908fbafd5fd1195eb1,2024,1,FP1,2024_1,72,4365165,19.2,32.7,40.0,1016.1,3.0,false
dc8303d10bce94660d24724ffcd1d687de495446,2024,1,FP1,2024_1,74,4485186,19.3,32.6,38.0,1016.1,2.8,false
5e98b5348d3522493d578321156127a570a4061a,2024,1,FP2,2024_1,11,704718,17.1,22.9,42.0,1017.1,2.6,false
58c5f43d87f36a8c9c3351e43c850bae1c7ad45c,2024,1,FP2,2024_1,14,884713,17.2,22.8,41.0,1017.1,2.3,false
686ed9d2a04598dc2586c121233866a0744509dc,2024,1,FP2,2024_1,57,3464840,17.2,21.5,37.0,1017.2,2.8,false
42118378ef2728f7806feba8ead2c30c6870437c,2024,1,FP3,2024_1,8,529905,20.5,34.3,32.0,1017.6,2.9,false
3ab29cfa137c4b84f33f663d0991bcd3c9efc0fa,2024,1,FP3,2024_1,49,2990037,20.3,31.5,38.0,1017.8,2.2,false
41fa1722c17e4d8158ebcb4feb0624b59808bd25,2024,1,FP3,2024_1,64,3890056,20.1,30.2,38.0,1017.7,3.2,false
5bbff6737a94eb0b9e645b4584c01d689ab1a417,2024,1,FP3,2024_1,76,4610155,20.0,29.4,38.0,1017.9,1.9,false
1c453a5ed876dd45cb4eff44514090a34670ee5b,2024,1,Q,2024_1,21,1275676,18.1,21.7,47.0,1018.9,2.4,false
62ba30736c46668fc01f2395765e0c9d57351c0e,2024,1,Q,2024_1,30,1815673,18.2,21.6,47.0,1019.1,2.2,false
a9c8db589eaec38d1b89081e7201b76df0a70236,2024,1,Q,2024_1,39,2355700,18.1,21.5,47.0,1019.2,1.5,false
8af81923a9828c1f4efdb6af88d67196dcd0dfbe,2024,1,Q,2024_1,53,3195812,18.0,21.3,46.0,1019.2,1.2,false
61976296c52a0aa115be01421e176e3c2a5dc68a,2024,1,Q,2024_1,60,3615840,18.0,21.1,47.0,1019.2,1.3,false
bfbc531deffb9e086300977ee54f1d18ef057b2d,2024,1,Q,2024_1,63,3795864,17.9,21.0,47.0,1019.3,1.5,false
10b6b43d83a94322c88b1cee4c4e51c3afd98fe4,2024,1,Q,2024_1,70,4215914,17.9,21.1,46.0,1019.2,2.9,false
f825489f338e8c820849d76de596cdc5db2031df,2024,1,R,2024_1,17,1034102,18.7,25.6,46.0,1017.0,0.5,false
ae9353ee30f32d21e61d3d2bfe7a1f400ed5177f,2024,1,R,2024_1,25,1514101,18.7,25.4,46.0,1017.0,1.4,false
d2f48f6752d01cb25a7b9bb545b51f1596dc9a48,2024,1,R,2024_1,28,1694104,18.6,25.3,46.0,1017.1,0.6,false
4c46a5555ad26fe60ca4d7c1c65dd210071e8922,2024,1,R,2024_1,34,2054109,18.6,24.9,46.0,1017.0,0.9,false
12707efeb7013ce20f2847bb3251ccfdebb73bdf,2024,1,R,2024_1,38,2294113,18.5,24.6,47.0,1017.1,1.4,false
bbc4b2018ea0b4eae16cf42f5ff0ab5dfb9d57cb,2024,1,R,2024_1,49,2954118,18.4,24.1,49.0,1017.0,1.3,false
f741e02c1905f606a87544a0cbc4732982d2d529,2024,1,R,2024_1,54,3254118,18.3,23.8,49.0,1017.1,1.8,false
b2bed4d560397d5e880494a041b6f05b6d9b11ed,2024,1,R,2024_1,86,5174136,18.1,23.3,50.0,1017.2,0.3,false
c2e9834df61bbbfa40365a86e936b085c0727223,2024,1,R,2024_1,87,5234137,18.1,23.4,51.0,1017.1,0.7,false
e8900a26b7ee5506b52835e34f6ba319c9007c3b,2024,1,R,2024_1,89,5354144,18.1,23.3,50.0,1017.1,0.0,false
00a1ee43a5ba08712e20aac77b9bc2473c592ca5,2024,1,R,2024_1,97,5834151,18.1,23.0,50.0,1017.1,0.8,false
2f308cd8faf223caf838fdbb117fdc52265cd513,2024,1,R,2024_1,116,6974267,18.0,22.7,49.0,1017.4,0.6,false
d7a6683cce728bc99fe5f30fb8cfb55d7783c7a4,2024,1,R,2024_1,120,7214284,17.9,22.5,50.0,1017.4,0.4,false
cf77f28a8d2aab89f895c3c7f32567856133d902,2024,1,FP1,2024_1,59,3585124,19.3,33.1,39.0,1016.1,3.6,false
876ed5f1669cae05ee1233e5e3830f951fe7fadc,2024,1,FP1,2024_1,60,3645125,19.3,33.4,39.0,1016.2,3.4,false
4c7296cd7ed8307e91947e049a7fc0c3dc5dc063,2024,1,FP1,2024_1,69,4185139,19.1,32.8,39.0,1016.1,3.6,false
